2025-10-20T12:13:46.658+09:00  INFO 10428 --- [ch03] [restartedMain] com.example.demo.Ch03Application         : Starting Ch03Application using Java 21.0.8 with PID 10428 (C:\jihyeon\s09_springboot\ex-ch03\bin\main started by YONSAI in C:\jihyeon\s09_springboot\ex-ch03)
2025-10-20T12:13:46.662+09:00  INFO 10428 --- [ch03] [restartedMain] com.example.demo.Ch03Application         : No active profile set, falling back to 1 default profile: "default"
2025-10-20T12:13:46.689+09:00  INFO 10428 --- [ch03] [restartedMain] .e.DevToolsPropertyDefaultsPostProcessor : Devtools property defaults active! Set 'spring.devtools.add-properties' to 'false' to disable
2025-10-20T12:13:46.689+09:00  INFO 10428 --- [ch03] [restartedMain] .e.DevToolsPropertyDefaultsPostProcessor : For additional web related logging consider setting the 'logging.level.web' property to 'DEBUG'
2025-10-20T12:13:47.296+09:00  INFO 10428 --- [ch03] [restartedMain] o.s.b.w.embedded.tomcat.TomcatWebServer  : Tomcat initialized with port 8090 (http)
2025-10-20T12:13:47.305+09:00  INFO 10428 --- [ch03] [restartedMain] o.apache.catalina.core.StandardService   : Starting service [Tomcat]
2025-10-20T12:13:47.305+09:00  INFO 10428 --- [ch03] [restartedMain] o.apache.catalina.core.StandardEngine    : Starting Servlet engine: [Apache Tomcat/10.1.46]
2025-10-20T12:13:47.329+09:00  INFO 10428 --- [ch03] [restartedMain] o.a.c.c.C.[Tomcat].[localhost].[/]       : Initializing Spring embedded WebApplicationContext
2025-10-20T12:13:47.330+09:00  INFO 10428 --- [ch03] [restartedMain] w.s.c.ServletWebServerApplicationContext : Root WebApplicationContext: initialization completed in 640 ms
2025-10-20T12:13:47.396+09:00  INFO 10428 --- [ch03] [restartedMain] o.s.b.a.w.s.WelcomePageHandlerMapping    : Adding welcome page: class path resource [static/index.html]
2025-10-20T12:13:47.555+09:00  WARN 10428 --- [ch03] [restartedMain] o.s.b.d.a.OptionalLiveReloadServer       : Unable to start LiveReload server
2025-10-20T12:13:47.575+09:00  INFO 10428 --- [ch03] [restartedMain] o.s.b.w.embedded.tomcat.TomcatWebServer  : Tomcat started on port 8090 (http) with context path '/'
2025-10-20T12:13:47.580+09:00  INFO 10428 --- [ch03] [restartedMain] com.example.demo.Ch03Application         : Started Ch03Application in 1.188 seconds (process running for 1.595)
2025-10-20T12:13:49.040+09:00  INFO 10428 --- [ch03] [http-nio-8090-exec-1] o.a.c.c.C.[Tomcat].[localhost].[/]       : Initializing Spring DispatcherServlet 'dispatcherServlet'
2025-10-20T12:13:49.041+09:00  INFO 10428 --- [ch03] [http-nio-8090-exec-1] o.s.web.servlet.DispatcherServlet        : Initializing Servlet 'dispatcherServlet'
2025-10-20T12:13:49.041+09:00  INFO 10428 --- [ch03] [http-nio-8090-exec-1] o.s.web.servlet.DispatcherServlet        : Completed initialization in 0 ms
2025-10-20T12:14:20.194+09:00  WARN 10428 --- [ch03] [http-nio-8090-exec-6] .w.s.m.s.DefaultHandlerExceptionResolver : Resolved [org.springframework.web.HttpRequestMethodNotSupportedException: Request method 'GET' is not supported]
2025-10-20T12:18:54.804+09:00  INFO 10428 --- [ch03] [File Watcher] rtingClassPathChangeChangedEventListener : Restarting due to 5 class path changes (0 additions, 0 deletions, 5 modifications)
2025-10-20T12:18:54.806+09:00  INFO 10428 --- [ch03] [Thread-1] o.s.b.w.e.tomcat.GracefulShutdown        : Commencing graceful shutdown. Waiting for active requests to complete
2025-10-20T12:18:54.810+09:00  INFO 10428 --- [ch03] [tomcat-shutdown] o.s.b.w.e.tomcat.GracefulShutdown        : Graceful shutdown complete
2025-10-20T12:18:54.879+09:00  INFO 10428 --- [ch03] [restartedMain] com.example.demo.Ch03Application         : Starting Ch03Application using Java 21.0.8 with PID 10428 (C:\jihyeon\s09_springboot\ex-ch03\bin\main started by YONSAI in C:\jihyeon\s09_springboot\ex-ch03)
2025-10-20T12:18:54.879+09:00  INFO 10428 --- [ch03] [restartedMain] com.example.demo.Ch03Application         : No active profile set, falling back to 1 default profile: "default"
2025-10-20T12:18:55.021+09:00  INFO 10428 --- [ch03] [restartedMain] o.s.b.w.embedded.tomcat.TomcatWebServer  : Tomcat initialized with port 8090 (http)
2025-10-20T12:18:55.023+09:00  INFO 10428 --- [ch03] [restartedMain] o.apache.catalina.core.StandardService   : Starting service [Tomcat]
2025-10-20T12:18:55.023+09:00  INFO 10428 --- [ch03] [restartedMain] o.apache.catalina.core.StandardEngine    : Starting Servlet engine: [Apache Tomcat/10.1.46]
2025-10-20T12:18:55.032+09:00  INFO 10428 --- [ch03] [restartedMain] o.a.c.c.C.[Tomcat].[localhost].[/]       : Initializing Spring embedded WebApplicationContext
2025-10-20T12:18:55.032+09:00  INFO 10428 --- [ch03] [restartedMain] w.s.c.ServletWebServerApplicationContext : Root WebApplicationContext: initialization completed in 152 ms
2025-10-20T12:18:55.049+09:00  INFO 10428 --- [ch03] [restartedMain] o.s.b.a.w.s.WelcomePageHandlerMapping    : Adding welcome page: class path resource [static/index.html]
2025-10-20T12:18:55.088+09:00  WARN 10428 --- [ch03] [restartedMain] o.s.b.d.a.OptionalLiveReloadServer       : Unable to start LiveReload server
2025-10-20T12:18:55.094+09:00  INFO 10428 --- [ch03] [restartedMain] o.s.b.w.embedded.tomcat.TomcatWebServer  : Tomcat started on port 8090 (http) with context path '/'
2025-10-20T12:18:55.096+09:00  INFO 10428 --- [ch03] [restartedMain] com.example.demo.Ch03Application         : Started Ch03Application in 0.237 seconds (process running for 309.111)
2025-10-20T12:18:55.097+09:00  INFO 10428 --- [ch03] [restartedMain] .ConditionEvaluationDeltaLoggingListener : Condition evaluation unchanged
2025-10-20T12:19:04.687+09:00  INFO 10428 --- [ch03] [http-nio-8090-exec-1] o.a.c.c.C.[Tomcat].[localhost].[/]       : Initializing Spring DispatcherServlet 'dispatcherServlet'
2025-10-20T12:19:04.687+09:00  INFO 10428 --- [ch03] [http-nio-8090-exec-1] o.s.web.servlet.DispatcherServlet        : Initializing Servlet 'dispatcherServlet'
2025-10-20T12:19:04.688+09:00  INFO 10428 --- [ch03] [http-nio-8090-exec-1] o.s.web.servlet.DispatcherServlet        : Completed initialization in 0 ms
2025-10-20T12:41:57.319+09:00  INFO 10428 --- [ch03] [RMI TCP Connection(40)-127.0.0.1] inMXBeanRegistrar$SpringApplicationAdmin : Application shutdown requested.
2025-10-20T12:41:57.320+09:00  INFO 10428 --- [ch03] [RMI TCP Connection(40)-127.0.0.1] o.s.b.w.e.tomcat.GracefulShutdown        : Commencing graceful shutdown. Waiting for active requests to complete
2025-10-20T12:41:57.322+09:00  INFO 10428 --- [ch03] [tomcat-shutdown] o.s.b.w.e.tomcat.GracefulShutdown        : Graceful shutdown complete
2025-10-20T12:42:01.112+09:00  INFO 13256 --- [ch03] [restartedMain] com.example.demo.Ch03Application         : Starting Ch03Application using Java 21.0.8 with PID 13256 (C:\jihyeon\s09_springboot\ex-ch03\bin\main started by YONSAI in C:\jihyeon\s09_springboot\ex-ch03)
2025-10-20T12:42:01.113+09:00  INFO 13256 --- [ch03] [restartedMain] com.example.demo.Ch03Application         : No active profile set, falling back to 1 default profile: "default"
2025-10-20T12:42:01.138+09:00  INFO 13256 --- [ch03] [restartedMain] .e.DevToolsPropertyDefaultsPostProcessor : Devtools property defaults active! Set 'spring.devtools.add-properties' to 'false' to disable
2025-10-20T12:42:01.138+09:00  INFO 13256 --- [ch03] [restartedMain] .e.DevToolsPropertyDefaultsPostProcessor : For additional web related logging consider setting the 'logging.level.web' property to 'DEBUG'
2025-10-20T12:42:01.696+09:00  INFO 13256 --- [ch03] [restartedMain] o.s.b.w.embedded.tomcat.TomcatWebServer  : Tomcat initialized with port 8090 (http)
2025-10-20T12:42:01.704+09:00  INFO 13256 --- [ch03] [restartedMain] o.apache.catalina.core.StandardService   : Starting service [Tomcat]
2025-10-20T12:42:01.705+09:00  INFO 13256 --- [ch03] [restartedMain] o.apache.catalina.core.StandardEngine    : Starting Servlet engine: [Apache Tomcat/10.1.46]
2025-10-20T12:42:01.729+09:00  INFO 13256 --- [ch03] [restartedMain] o.a.c.c.C.[Tomcat].[localhost].[/]       : Initializing Spring embedded WebApplicationContext
2025-10-20T12:42:01.729+09:00  INFO 13256 --- [ch03] [restartedMain] w.s.c.ServletWebServerApplicationContext : Root WebApplicationContext: initialization completed in 591 ms
2025-10-20T12:42:01.794+09:00  INFO 13256 --- [ch03] [restartedMain] o.s.b.a.w.s.WelcomePageHandlerMapping    : Adding welcome page: class path resource [static/index.html]
2025-10-20T12:42:01.950+09:00  WARN 13256 --- [ch03] [restartedMain] o.s.b.d.a.OptionalLiveReloadServer       : Unable to start LiveReload server
2025-10-20T12:42:01.970+09:00  INFO 13256 --- [ch03] [restartedMain] o.s.b.w.embedded.tomcat.TomcatWebServer  : Tomcat started on port 8090 (http) with context path '/'
2025-10-20T12:42:01.975+09:00  INFO 13256 --- [ch03] [restartedMain] com.example.demo.Ch03Application         : Started Ch03Application in 1.117 seconds (process running for 1.501)
2025-10-20T12:42:19.694+09:00  INFO 13256 --- [ch03] [File Watcher] rtingClassPathChangeChangedEventListener : Restarting due to 5 class path changes (0 additions, 0 deletions, 5 modifications)
2025-10-20T12:42:19.697+09:00  INFO 13256 --- [ch03] [Thread-1] o.s.b.w.e.tomcat.GracefulShutdown        : Commencing graceful shutdown. Waiting for active requests to complete
2025-10-20T12:42:19.700+09:00  INFO 13256 --- [ch03] [tomcat-shutdown] o.s.b.w.e.tomcat.GracefulShutdown        : Graceful shutdown complete
2025-10-20T12:42:20.492+09:00  INFO 10584 --- [ch03] [restartedMain] com.example.demo.Ch03Application         : Starting Ch03Application using Java 21.0.8 with PID 10584 (C:\jihyeon\s09_springboot\ex-ch03\bin\main started by YONSAI in C:\jihyeon\s09_springboot\ex-ch03)
2025-10-20T12:42:20.493+09:00  INFO 10584 --- [ch03] [restartedMain] com.example.demo.Ch03Application         : No active profile set, falling back to 1 default profile: "default"
2025-10-20T12:42:20.517+09:00  INFO 10584 --- [ch03] [restartedMain] .e.DevToolsPropertyDefaultsPostProcessor : Devtools property defaults active! Set 'spring.devtools.add-properties' to 'false' to disable
2025-10-20T12:42:20.517+09:00  INFO 10584 --- [ch03] [restartedMain] .e.DevToolsPropertyDefaultsPostProcessor : For additional web related logging consider setting the 'logging.level.web' property to 'DEBUG'
2025-10-20T12:42:21.065+09:00  INFO 10584 --- [ch03] [restartedMain] o.s.b.w.embedded.tomcat.TomcatWebServer  : Tomcat initialized with port 8090 (http)
2025-10-20T12:42:21.073+09:00  INFO 10584 --- [ch03] [restartedMain] o.apache.catalina.core.StandardService   : Starting service [Tomcat]
2025-10-20T12:42:21.074+09:00  INFO 10584 --- [ch03] [restartedMain] o.apache.catalina.core.StandardEngine    : Starting Servlet engine: [Apache Tomcat/10.1.46]
2025-10-20T12:42:21.097+09:00  INFO 10584 --- [ch03] [restartedMain] o.a.c.c.C.[Tomcat].[localhost].[/]       : Initializing Spring embedded WebApplicationContext
2025-10-20T12:42:21.097+09:00  INFO 10584 --- [ch03] [restartedMain] w.s.c.ServletWebServerApplicationContext : Root WebApplicationContext: initialization completed in 580 ms
2025-10-20T12:42:21.161+09:00  INFO 10584 --- [ch03] [restartedMain] o.s.b.a.w.s.WelcomePageHandlerMapping    : Adding welcome page: class path resource [static/index.html]
2025-10-20T12:42:21.316+09:00  WARN 10584 --- [ch03] [restartedMain] o.s.b.d.a.OptionalLiveReloadServer       : Unable to start LiveReload server
2025-10-20T12:42:21.337+09:00  INFO 10584 --- [ch03] [restartedMain] o.s.b.w.embedded.tomcat.TomcatWebServer  : Tomcat started on port 8090 (http) with context path '/'
2025-10-20T12:42:21.342+09:00  INFO 10584 --- [ch03] [restartedMain] com.example.demo.Ch03Application         : Started Ch03Application in 1.104 seconds (process running for 1.487)
2025-10-20T12:42:37.250+09:00  INFO 10584 --- [ch03] [http-nio-8090-exec-1] o.a.c.c.C.[Tomcat].[localhost].[/]       : Initializing Spring DispatcherServlet 'dispatcherServlet'
2025-10-20T12:42:37.250+09:00  INFO 10584 --- [ch03] [http-nio-8090-exec-1] o.s.web.servlet.DispatcherServlet        : Initializing Servlet 'dispatcherServlet'
2025-10-20T12:42:37.251+09:00  INFO 10584 --- [ch03] [http-nio-8090-exec-1] o.s.web.servlet.DispatcherServlet        : Completed initialization in 1 ms
2025-10-20T13:53:12.379+09:00  INFO 10584 --- [ch03] [RMI TCP Connection(80)-127.0.0.1] inMXBeanRegistrar$SpringApplicationAdmin : Application shutdown requested.
2025-10-20T13:53:12.381+09:00  INFO 10584 --- [ch03] [RMI TCP Connection(80)-127.0.0.1] o.s.b.w.e.tomcat.GracefulShutdown        : Commencing graceful shutdown. Waiting for active requests to complete
2025-10-20T13:53:12.385+09:00  INFO 10584 --- [ch03] [tomcat-shutdown] o.s.b.w.e.tomcat.GracefulShutdown        : Graceful shutdown complete
2025-10-20T15:58:03.536+09:00  INFO 11012 --- [ch03] [restartedMain] com.example.demo.Ch03Application         : Starting Ch03Application using Java 21.0.8 with PID 11012 (C:\jihyeon\s09_springboot\ex-ch03\bin\main started by YONSAI in C:\jihyeon\s09_springboot\ex-ch03)
2025-10-20T15:58:03.537+09:00  INFO 11012 --- [ch03] [restartedMain] com.example.demo.Ch03Application         : No active profile set, falling back to 1 default profile: "default"
2025-10-20T15:58:03.562+09:00  INFO 11012 --- [ch03] [restartedMain] .e.DevToolsPropertyDefaultsPostProcessor : Devtools property defaults active! Set 'spring.devtools.add-properties' to 'false' to disable
2025-10-20T15:58:03.562+09:00  INFO 11012 --- [ch03] [restartedMain] .e.DevToolsPropertyDefaultsPostProcessor : For additional web related logging consider setting the 'logging.level.web' property to 'DEBUG'
2025-10-20T15:58:04.109+09:00  INFO 11012 --- [ch03] [restartedMain] o.s.b.w.embedded.tomcat.TomcatWebServer  : Tomcat initialized with port 8090 (http)
2025-10-20T15:58:04.118+09:00  INFO 11012 --- [ch03] [restartedMain] o.apache.catalina.core.StandardService   : Starting service [Tomcat]
2025-10-20T15:58:04.119+09:00  INFO 11012 --- [ch03] [restartedMain] o.apache.catalina.core.StandardEngine    : Starting Servlet engine: [Apache Tomcat/10.1.46]
2025-10-20T15:58:04.166+09:00  INFO 11012 --- [ch03] [restartedMain] o.a.c.c.C.[Tomcat].[localhost].[/]       : Initializing Spring embedded WebApplicationContext
2025-10-20T15:58:04.166+09:00  INFO 11012 --- [ch03] [restartedMain] w.s.c.ServletWebServerApplicationContext : Root WebApplicationContext: initialization completed in 603 ms
2025-10-20T15:58:04.235+09:00  INFO 11012 --- [ch03] [restartedMain] o.s.b.a.w.s.WelcomePageHandlerMapping    : Adding welcome page: class path resource [static/index.html]
2025-10-20T15:58:04.401+09:00  INFO 11012 --- [ch03] [restartedMain] o.s.b.d.a.OptionalLiveReloadServer       : LiveReload server is running on port 35729
2025-10-20T15:58:04.421+09:00  INFO 11012 --- [ch03] [restartedMain] o.s.b.w.embedded.tomcat.TomcatWebServer  : Tomcat started on port 8090 (http) with context path '/'
2025-10-20T15:58:04.426+09:00  INFO 11012 --- [ch03] [restartedMain] com.example.demo.Ch03Application         : Started Ch03Application in 1.148 seconds (process running for 1.539)
2025-10-20T15:58:05.681+09:00  INFO 11012 --- [ch03] [http-nio-8090-exec-1] o.a.c.c.C.[Tomcat].[localhost].[/]       : Initializing Spring DispatcherServlet 'dispatcherServlet'
2025-10-20T15:58:05.682+09:00  INFO 11012 --- [ch03] [http-nio-8090-exec-1] o.s.web.servlet.DispatcherServlet        : Initializing Servlet 'dispatcherServlet'
2025-10-20T15:58:05.683+09:00  INFO 11012 --- [ch03] [http-nio-8090-exec-1] o.s.web.servlet.DispatcherServlet        : Completed initialization in 0 ms
2025-10-20T16:02:05.403+09:00  INFO 11012 --- [ch03] [File Watcher] rtingClassPathChangeChangedEventListener : Restarting due to 5 class path changes (0 additions, 0 deletions, 5 modifications)
2025-10-20T16:02:05.406+09:00  INFO 11012 --- [ch03] [Thread-6] o.s.b.w.e.tomcat.GracefulShutdown        : Commencing graceful shutdown. Waiting for active requests to complete
2025-10-20T16:02:05.410+09:00  INFO 11012 --- [ch03] [tomcat-shutdown] o.s.b.w.e.tomcat.GracefulShutdown        : Graceful shutdown complete
2025-10-20T16:02:05.489+09:00  INFO 11012 --- [ch03] [restartedMain] com.example.demo.Ch03Application         : Starting Ch03Application using Java 21.0.8 with PID 11012 (C:\jihyeon\s09_springboot\ex-ch03\bin\main started by YONSAI in C:\jihyeon\s09_springboot\ex-ch03)
2025-10-20T16:02:05.490+09:00  INFO 11012 --- [ch03] [restartedMain] com.example.demo.Ch03Application         : No active profile set, falling back to 1 default profile: "default"
2025-10-20T16:02:05.642+09:00  INFO 11012 --- [ch03] [restartedMain] o.s.b.w.embedded.tomcat.TomcatWebServer  : Tomcat initialized with port 8090 (http)
2025-10-20T16:02:05.642+09:00  INFO 11012 --- [ch03] [restartedMain] o.apache.catalina.core.StandardService   : Starting service [Tomcat]
2025-10-20T16:02:05.642+09:00  INFO 11012 --- [ch03] [restartedMain] o.apache.catalina.core.StandardEngine    : Starting Servlet engine: [Apache Tomcat/10.1.46]
2025-10-20T16:02:05.651+09:00  INFO 11012 --- [ch03] [restartedMain] o.a.c.c.C.[Tomcat].[localhost].[/]       : Initializing Spring embedded WebApplicationContext
2025-10-20T16:02:05.651+09:00  INFO 11012 --- [ch03] [restartedMain] w.s.c.ServletWebServerApplicationContext : Root WebApplicationContext: initialization completed in 159 ms
2025-10-20T16:02:05.665+09:00  INFO 11012 --- [ch03] [restartedMain] o.s.b.a.w.s.WelcomePageHandlerMapping    : Adding welcome page: class path resource [static/index.html]
2025-10-20T16:02:05.695+09:00  INFO 11012 --- [ch03] [restartedMain] o.s.b.d.a.OptionalLiveReloadServer       : LiveReload server is running on port 35729
2025-10-20T16:02:05.700+09:00  INFO 11012 --- [ch03] [restartedMain] o.s.b.w.embedded.tomcat.TomcatWebServer  : Tomcat started on port 8090 (http) with context path '/'
2025-10-20T16:02:05.702+09:00  INFO 11012 --- [ch03] [restartedMain] com.example.demo.Ch03Application         : Started Ch03Application in 0.232 seconds (process running for 242.814)
2025-10-20T16:02:05.703+09:00  INFO 11012 --- [ch03] [restartedMain] .ConditionEvaluationDeltaLoggingListener : Condition evaluation unchanged
2025-10-20T16:02:07.129+09:00  INFO 11012 --- [ch03] [File Watcher] rtingClassPathChangeChangedEventListener : Restarting due to 1 class path change (0 additions, 0 deletions, 1 modification)
2025-10-20T16:02:07.130+09:00  INFO 11012 --- [ch03] [Thread-8] o.s.b.w.e.tomcat.GracefulShutdown        : Commencing graceful shutdown. Waiting for active requests to complete
2025-10-20T16:02:07.132+09:00  INFO 11012 --- [ch03] [tomcat-shutdown] o.s.b.w.e.tomcat.GracefulShutdown        : Graceful shutdown complete
2025-10-20T16:02:07.195+09:00  INFO 11012 --- [ch03] [restartedMain] com.example.demo.Ch03Application         : Starting Ch03Application using Java 21.0.8 with PID 11012 (C:\jihyeon\s09_springboot\ex-ch03\bin\main started by YONSAI in C:\jihyeon\s09_springboot\ex-ch03)
2025-10-20T16:02:07.195+09:00  INFO 11012 --- [ch03] [restartedMain] com.example.demo.Ch03Application         : No active profile set, falling back to 1 default profile: "default"
2025-10-20T16:02:07.319+09:00  INFO 11012 --- [ch03] [restartedMain] o.s.b.w.embedded.tomcat.TomcatWebServer  : Tomcat initialized with port 8090 (http)
2025-10-20T16:02:07.320+09:00  INFO 11012 --- [ch03] [restartedMain] o.apache.catalina.core.StandardService   : Starting service [Tomcat]
2025-10-20T16:02:07.320+09:00  INFO 11012 --- [ch03] [restartedMain] o.apache.catalina.core.StandardEngine    : Starting Servlet engine: [Apache Tomcat/10.1.46]
2025-10-20T16:02:07.329+09:00  INFO 11012 --- [ch03] [restartedMain] o.a.c.c.C.[Tomcat].[localhost].[/]       : Initializing Spring embedded WebApplicationContext
2025-10-20T16:02:07.329+09:00  INFO 11012 --- [ch03] [restartedMain] w.s.c.ServletWebServerApplicationContext : Root WebApplicationContext: initialization completed in 132 ms
2025-10-20T16:02:07.341+09:00  INFO 11012 --- [ch03] [restartedMain] o.s.b.a.w.s.WelcomePageHandlerMapping    : Adding welcome page: class path resource [static/index.html]
2025-10-20T16:02:07.369+09:00  INFO 11012 --- [ch03] [restartedMain] o.s.b.d.a.OptionalLiveReloadServer       : LiveReload server is running on port 35729
2025-10-20T16:02:07.375+09:00  INFO 11012 --- [ch03] [restartedMain] o.s.b.w.embedded.tomcat.TomcatWebServer  : Tomcat started on port 8090 (http) with context path '/'
2025-10-20T16:02:07.377+09:00  INFO 11012 --- [ch03] [restartedMain] com.example.demo.Ch03Application         : Started Ch03Application in 0.198 seconds (process running for 244.489)
2025-10-20T16:02:07.378+09:00  INFO 11012 --- [ch03] [restartedMain] .ConditionEvaluationDeltaLoggingListener : Condition evaluation unchanged
2025-10-20T16:02:13.014+09:00  INFO 11012 --- [ch03] [http-nio-8090-exec-1] o.a.c.c.C.[Tomcat].[localhost].[/]       : Initializing Spring DispatcherServlet 'dispatcherServlet'
2025-10-20T16:02:13.015+09:00  INFO 11012 --- [ch03] [http-nio-8090-exec-1] o.s.web.servlet.DispatcherServlet        : Initializing Servlet 'dispatcherServlet'
2025-10-20T16:02:13.015+09:00  INFO 11012 --- [ch03] [http-nio-8090-exec-1] o.s.web.servlet.DispatcherServlet        : Completed initialization in 0 ms
2025-10-20T16:02:15.903+09:00 ERROR 11012 --- [ch03] [http-nio-8090-exec-2] o.a.c.c.C.[.[.[/].[dispatcherServlet]    : Servlet.service() for servlet [dispatcherServlet] in context with path [] threw exception [Request processing failed: java.lang.NullPointerException: Cannot invoke "String.toUpperCase()" because "isThisNull" is null] with root cause

java.lang.NullPointerException: Cannot invoke "String.toUpperCase()" because "isThisNull" is null
	at com.example.demo.service.ExService.ex3310(ExService.java:285) ~[main/:na]
	at com.example.demo.controller.ExController.getex3310(ExController.java:118) ~[main/:na]
	at java.base/jdk.internal.reflect.DirectMethodHandleAccessor.invoke(DirectMethodHandleAccessor.java:103) ~[na:na]
	at java.base/java.lang.reflect.Method.invoke(Method.java:580) ~[na:na]
	at org.springframework.web.method.support.InvocableHandlerMethod.doInvoke(InvocableHandlerMethod.java:258) ~[spring-web-6.2.11.jar:6.2.11]
	at org.springframework.web.method.support.InvocableHandlerMethod.invokeForRequest(InvocableHandlerMethod.java:191) ~[spring-web-6.2.11.jar:6.2.11]
	at org.springframework.web.servlet.mvc.method.annotation.ServletInvocableHandlerMethod.invokeAndHandle(ServletInvocableHandlerMethod.java:118) ~[spring-webmvc-6.2.11.jar:6.2.11]
	at org.springframework.web.servlet.mvc.method.annotation.RequestMappingHandlerAdapter.invokeHandlerMethod(RequestMappingHandlerAdapter.java:991) ~[spring-webmvc-6.2.11.jar:6.2.11]
	at org.springframework.web.servlet.mvc.method.annotation.RequestMappingHandlerAdapter.handleInternal(RequestMappingHandlerAdapter.java:896) ~[spring-webmvc-6.2.11.jar:6.2.11]
	at org.springframework.web.servlet.mvc.method.AbstractHandlerMethodAdapter.handle(AbstractHandlerMethodAdapter.java:87) ~[spring-webmvc-6.2.11.jar:6.2.11]
	at org.springframework.web.servlet.DispatcherServlet.doDispatch(DispatcherServlet.java:1089) ~[spring-webmvc-6.2.11.jar:6.2.11]
	at org.springframework.web.servlet.DispatcherServlet.doService(DispatcherServlet.java:979) ~[spring-webmvc-6.2.11.jar:6.2.11]
	at org.springframework.web.servlet.FrameworkServlet.processRequest(FrameworkServlet.java:1014) ~[spring-webmvc-6.2.11.jar:6.2.11]
	at org.springframework.web.servlet.FrameworkServlet.doGet(FrameworkServlet.java:903) ~[spring-webmvc-6.2.11.jar:6.2.11]
	at jakarta.servlet.http.HttpServlet.service(HttpServlet.java:564) ~[tomcat-embed-core-10.1.46.jar:6.0]
	at org.springframework.web.servlet.FrameworkServlet.service(FrameworkServlet.java:885) ~[spring-webmvc-6.2.11.jar:6.2.11]
	at jakarta.servlet.http.HttpServlet.service(HttpServlet.java:658) ~[tomcat-embed-core-10.1.46.jar:6.0]
	at org.apache.catalina.core.ApplicationFilterChain.internalDoFilter(ApplicationFilterChain.java:195) ~[tomcat-embed-core-10.1.46.jar:10.1.46]
	at org.apache.catalina.core.ApplicationFilterChain.doFilter(ApplicationFilterChain.java:140) ~[tomcat-embed-core-10.1.46.jar:10.1.46]
	at org.apache.tomcat.websocket.server.WsFilter.doFilter(WsFilter.java:51) ~[tomcat-embed-websocket-10.1.46.jar:10.1.46]
	at org.apache.catalina.core.ApplicationFilterChain.internalDoFilter(ApplicationFilterChain.java:164) ~[tomcat-embed-core-10.1.46.jar:10.1.46]
	at org.apache.catalina.core.ApplicationFilterChain.doFilter(ApplicationFilterChain.java:140) ~[tomcat-embed-core-10.1.46.jar:10.1.46]
	at org.springframework.web.filter.RequestContextFilter.doFilterInternal(RequestContextFilter.java:100) ~[spring-web-6.2.11.jar:6.2.11]
	at org.springframework.web.filter.OncePerRequestFilter.doFilter(OncePerRequestFilter.java:116) ~[spring-web-6.2.11.jar:6.2.11]
	at org.apache.catalina.core.ApplicationFilterChain.internalDoFilter(ApplicationFilterChain.java:164) ~[tomcat-embed-core-10.1.46.jar:10.1.46]
	at org.apache.catalina.core.ApplicationFilterChain.doFilter(ApplicationFilterChain.java:140) ~[tomcat-embed-core-10.1.46.jar:10.1.46]
	at org.springframework.web.filter.FormContentFilter.doFilterInternal(FormContentFilter.java:93) ~[spring-web-6.2.11.jar:6.2.11]
	at org.springframework.web.filter.OncePerRequestFilter.doFilter(OncePerRequestFilter.java:116) ~[spring-web-6.2.11.jar:6.2.11]
	at org.apache.catalina.core.ApplicationFilterChain.internalDoFilter(ApplicationFilterChain.java:164) ~[tomcat-embed-core-10.1.46.jar:10.1.46]
	at org.apache.catalina.core.ApplicationFilterChain.doFilter(ApplicationFilterChain.java:140) ~[tomcat-embed-core-10.1.46.jar:10.1.46]
	at org.springframework.web.filter.CharacterEncodingFilter.doFilterInternal(CharacterEncodingFilter.java:201) ~[spring-web-6.2.11.jar:6.2.11]
	at org.springframework.web.filter.OncePerRequestFilter.doFilter(OncePerRequestFilter.java:116) ~[spring-web-6.2.11.jar:6.2.11]
	at org.apache.catalina.core.ApplicationFilterChain.internalDoFilter(ApplicationFilterChain.java:164) ~[tomcat-embed-core-10.1.46.jar:10.1.46]
	at org.apache.catalina.core.ApplicationFilterChain.doFilter(ApplicationFilterChain.java:140) ~[tomcat-embed-core-10.1.46.jar:10.1.46]
	at org.apache.catalina.core.StandardWrapperValve.invoke(StandardWrapperValve.java:167) ~[tomcat-embed-core-10.1.46.jar:10.1.46]
	at org.apache.catalina.core.StandardContextValve.invoke(StandardContextValve.java:90) ~[tomcat-embed-core-10.1.46.jar:10.1.46]
	at org.apache.catalina.authenticator.AuthenticatorBase.invoke(AuthenticatorBase.java:483) ~[tomcat-embed-core-10.1.46.jar:10.1.46]
	at org.apache.catalina.core.StandardHostValve.invoke(StandardHostValve.java:116) ~[tomcat-embed-core-10.1.46.jar:10.1.46]
	at org.apache.catalina.valves.ErrorReportValve.invoke(ErrorReportValve.java:93) ~[tomcat-embed-core-10.1.46.jar:10.1.46]
	at org.apache.catalina.core.StandardEngineValve.invoke(StandardEngineValve.java:74) ~[tomcat-embed-core-10.1.46.jar:10.1.46]
	at org.apache.catalina.connector.CoyoteAdapter.service(CoyoteAdapter.java:344) ~[tomcat-embed-core-10.1.46.jar:10.1.46]
	at org.apache.coyote.http11.Http11Processor.service(Http11Processor.java:398) ~[tomcat-embed-core-10.1.46.jar:10.1.46]
	at org.apache.coyote.AbstractProcessorLight.process(AbstractProcessorLight.java:63) ~[tomcat-embed-core-10.1.46.jar:10.1.46]
	at org.apache.coyote.AbstractProtocol$ConnectionHandler.process(AbstractProtocol.java:903) ~[tomcat-embed-core-10.1.46.jar:10.1.46]
	at org.apache.tomcat.util.net.NioEndpoint$SocketProcessor.doRun(NioEndpoint.java:1776) ~[tomcat-embed-core-10.1.46.jar:10.1.46]
	at org.apache.tomcat.util.net.SocketProcessorBase.run(SocketProcessorBase.java:52) ~[tomcat-embed-core-10.1.46.jar:10.1.46]
	at org.apache.tomcat.util.threads.ThreadPoolExecutor.runWorker(ThreadPoolExecutor.java:975) ~[tomcat-embed-core-10.1.46.jar:10.1.46]
	at org.apache.tomcat.util.threads.ThreadPoolExecutor$Worker.run(ThreadPoolExecutor.java:493) ~[tomcat-embed-core-10.1.46.jar:10.1.46]
	at org.apache.tomcat.util.threads.TaskThread$WrappingRunnable.run(TaskThread.java:63) ~[tomcat-embed-core-10.1.46.jar:10.1.46]
	at java.base/java.lang.Thread.run(Thread.java:1583) ~[na:na]

2025-10-20T16:02:28.322+09:00 ERROR 11012 --- [ch03] [http-nio-8090-exec-3] o.a.c.c.C.[.[.[/].[dispatcherServlet]    : Servlet.service() for servlet [dispatcherServlet] in context with path [] threw exception [Request processing failed: java.lang.NullPointerException: Cannot invoke "String.toUpperCase()" because "isThisNull" is null] with root cause

java.lang.NullPointerException: Cannot invoke "String.toUpperCase()" because "isThisNull" is null
	at com.example.demo.service.ExService.ex3310(ExService.java:285) ~[main/:na]
	at com.example.demo.controller.ExController.getex3310(ExController.java:118) ~[main/:na]
	at java.base/jdk.internal.reflect.DirectMethodHandleAccessor.invoke(DirectMethodHandleAccessor.java:103) ~[na:na]
	at java.base/java.lang.reflect.Method.invoke(Method.java:580) ~[na:na]
	at org.springframework.web.method.support.InvocableHandlerMethod.doInvoke(InvocableHandlerMethod.java:258) ~[spring-web-6.2.11.jar:6.2.11]
	at org.springframework.web.method.support.InvocableHandlerMethod.invokeForRequest(InvocableHandlerMethod.java:191) ~[spring-web-6.2.11.jar:6.2.11]
	at org.springframework.web.servlet.mvc.method.annotation.ServletInvocableHandlerMethod.invokeAndHandle(ServletInvocableHandlerMethod.java:118) ~[spring-webmvc-6.2.11.jar:6.2.11]
	at org.springframework.web.servlet.mvc.method.annotation.RequestMappingHandlerAdapter.invokeHandlerMethod(RequestMappingHandlerAdapter.java:991) ~[spring-webmvc-6.2.11.jar:6.2.11]
	at org.springframework.web.servlet.mvc.method.annotation.RequestMappingHandlerAdapter.handleInternal(RequestMappingHandlerAdapter.java:896) ~[spring-webmvc-6.2.11.jar:6.2.11]
	at org.springframework.web.servlet.mvc.method.AbstractHandlerMethodAdapter.handle(AbstractHandlerMethodAdapter.java:87) ~[spring-webmvc-6.2.11.jar:6.2.11]
	at org.springframework.web.servlet.DispatcherServlet.doDispatch(DispatcherServlet.java:1089) ~[spring-webmvc-6.2.11.jar:6.2.11]
	at org.springframework.web.servlet.DispatcherServlet.doService(DispatcherServlet.java:979) ~[spring-webmvc-6.2.11.jar:6.2.11]
	at org.springframework.web.servlet.FrameworkServlet.processRequest(FrameworkServlet.java:1014) ~[spring-webmvc-6.2.11.jar:6.2.11]
	at org.springframework.web.servlet.FrameworkServlet.doGet(FrameworkServlet.java:903) ~[spring-webmvc-6.2.11.jar:6.2.11]
	at jakarta.servlet.http.HttpServlet.service(HttpServlet.java:564) ~[tomcat-embed-core-10.1.46.jar:6.0]
	at org.springframework.web.servlet.FrameworkServlet.service(FrameworkServlet.java:885) ~[spring-webmvc-6.2.11.jar:6.2.11]
	at jakarta.servlet.http.HttpServlet.service(HttpServlet.java:658) ~[tomcat-embed-core-10.1.46.jar:6.0]
	at org.apache.catalina.core.ApplicationFilterChain.internalDoFilter(ApplicationFilterChain.java:195) ~[tomcat-embed-core-10.1.46.jar:10.1.46]
	at org.apache.catalina.core.ApplicationFilterChain.doFilter(ApplicationFilterChain.java:140) ~[tomcat-embed-core-10.1.46.jar:10.1.46]
	at org.apache.tomcat.websocket.server.WsFilter.doFilter(WsFilter.java:51) ~[tomcat-embed-websocket-10.1.46.jar:10.1.46]
	at org.apache.catalina.core.ApplicationFilterChain.internalDoFilter(ApplicationFilterChain.java:164) ~[tomcat-embed-core-10.1.46.jar:10.1.46]
	at org.apache.catalina.core.ApplicationFilterChain.doFilter(ApplicationFilterChain.java:140) ~[tomcat-embed-core-10.1.46.jar:10.1.46]
	at org.springframework.web.filter.RequestContextFilter.doFilterInternal(RequestContextFilter.java:100) ~[spring-web-6.2.11.jar:6.2.11]
	at org.springframework.web.filter.OncePerRequestFilter.doFilter(OncePerRequestFilter.java:116) ~[spring-web-6.2.11.jar:6.2.11]
	at org.apache.catalina.core.ApplicationFilterChain.internalDoFilter(ApplicationFilterChain.java:164) ~[tomcat-embed-core-10.1.46.jar:10.1.46]
	at org.apache.catalina.core.ApplicationFilterChain.doFilter(ApplicationFilterChain.java:140) ~[tomcat-embed-core-10.1.46.jar:10.1.46]
	at org.springframework.web.filter.FormContentFilter.doFilterInternal(FormContentFilter.java:93) ~[spring-web-6.2.11.jar:6.2.11]
	at org.springframework.web.filter.OncePerRequestFilter.doFilter(OncePerRequestFilter.java:116) ~[spring-web-6.2.11.jar:6.2.11]
	at org.apache.catalina.core.ApplicationFilterChain.internalDoFilter(ApplicationFilterChain.java:164) ~[tomcat-embed-core-10.1.46.jar:10.1.46]
	at org.apache.catalina.core.ApplicationFilterChain.doFilter(ApplicationFilterChain.java:140) ~[tomcat-embed-core-10.1.46.jar:10.1.46]
	at org.springframework.web.filter.CharacterEncodingFilter.doFilterInternal(CharacterEncodingFilter.java:201) ~[spring-web-6.2.11.jar:6.2.11]
	at org.springframework.web.filter.OncePerRequestFilter.doFilter(OncePerRequestFilter.java:116) ~[spring-web-6.2.11.jar:6.2.11]
	at org.apache.catalina.core.ApplicationFilterChain.internalDoFilter(ApplicationFilterChain.java:164) ~[tomcat-embed-core-10.1.46.jar:10.1.46]
	at org.apache.catalina.core.ApplicationFilterChain.doFilter(ApplicationFilterChain.java:140) ~[tomcat-embed-core-10.1.46.jar:10.1.46]
	at org.apache.catalina.core.StandardWrapperValve.invoke(StandardWrapperValve.java:167) ~[tomcat-embed-core-10.1.46.jar:10.1.46]
	at org.apache.catalina.core.StandardContextValve.invoke(StandardContextValve.java:90) ~[tomcat-embed-core-10.1.46.jar:10.1.46]
	at org.apache.catalina.authenticator.AuthenticatorBase.invoke(AuthenticatorBase.java:483) ~[tomcat-embed-core-10.1.46.jar:10.1.46]
	at org.apache.catalina.core.StandardHostValve.invoke(StandardHostValve.java:116) ~[tomcat-embed-core-10.1.46.jar:10.1.46]
	at org.apache.catalina.valves.ErrorReportValve.invoke(ErrorReportValve.java:93) ~[tomcat-embed-core-10.1.46.jar:10.1.46]
	at org.apache.catalina.core.StandardEngineValve.invoke(StandardEngineValve.java:74) ~[tomcat-embed-core-10.1.46.jar:10.1.46]
	at org.apache.catalina.connector.CoyoteAdapter.service(CoyoteAdapter.java:344) ~[tomcat-embed-core-10.1.46.jar:10.1.46]
	at org.apache.coyote.http11.Http11Processor.service(Http11Processor.java:398) ~[tomcat-embed-core-10.1.46.jar:10.1.46]
	at org.apache.coyote.AbstractProcessorLight.process(AbstractProcessorLight.java:63) ~[tomcat-embed-core-10.1.46.jar:10.1.46]
	at org.apache.coyote.AbstractProtocol$ConnectionHandler.process(AbstractProtocol.java:903) ~[tomcat-embed-core-10.1.46.jar:10.1.46]
	at org.apache.tomcat.util.net.NioEndpoint$SocketProcessor.doRun(NioEndpoint.java:1776) ~[tomcat-embed-core-10.1.46.jar:10.1.46]
	at org.apache.tomcat.util.net.SocketProcessorBase.run(SocketProcessorBase.java:52) ~[tomcat-embed-core-10.1.46.jar:10.1.46]
	at org.apache.tomcat.util.threads.ThreadPoolExecutor.runWorker(ThreadPoolExecutor.java:975) ~[tomcat-embed-core-10.1.46.jar:10.1.46]
	at org.apache.tomcat.util.threads.ThreadPoolExecutor$Worker.run(ThreadPoolExecutor.java:493) ~[tomcat-embed-core-10.1.46.jar:10.1.46]
	at org.apache.tomcat.util.threads.TaskThread$WrappingRunnable.run(TaskThread.java:63) ~[tomcat-embed-core-10.1.46.jar:10.1.46]
	at java.base/java.lang.Thread.run(Thread.java:1583) ~[na:na]

2025-10-20T16:24:34.876+09:00  INFO 11012 --- [ch03] [File Watcher] rtingClassPathChangeChangedEventListener : Restarting due to 1 class path change (0 additions, 0 deletions, 1 modification)
2025-10-20T16:24:34.877+09:00  INFO 11012 --- [ch03] [Thread-13] o.s.b.w.e.tomcat.GracefulShutdown        : Commencing graceful shutdown. Waiting for active requests to complete
2025-10-20T16:24:34.879+09:00  INFO 11012 --- [ch03] [tomcat-shutdown] o.s.b.w.e.tomcat.GracefulShutdown        : Graceful shutdown complete
2025-10-20T16:24:34.912+09:00  INFO 11012 --- [ch03] [restartedMain] com.example.demo.Ch03Application         : Starting Ch03Application using Java 21.0.8 with PID 11012 (C:\jihyeon\s09_springboot\ex-ch03\bin\main started by YONSAI in C:\jihyeon\s09_springboot\ex-ch03)
2025-10-20T16:24:34.912+09:00  INFO 11012 --- [ch03] [restartedMain] com.example.demo.Ch03Application         : No active profile set, falling back to 1 default profile: "default"
2025-10-20T16:24:35.037+09:00  INFO 11012 --- [ch03] [restartedMain] o.s.b.w.embedded.tomcat.TomcatWebServer  : Tomcat initialized with port 8090 (http)
2025-10-20T16:24:35.038+09:00  INFO 11012 --- [ch03] [restartedMain] o.apache.catalina.core.StandardService   : Starting service [Tomcat]
2025-10-20T16:24:35.038+09:00  INFO 11012 --- [ch03] [restartedMain] o.apache.catalina.core.StandardEngine    : Starting Servlet engine: [Apache Tomcat/10.1.46]
2025-10-20T16:24:35.046+09:00  INFO 11012 --- [ch03] [restartedMain] o.a.c.c.C.[Tomcat].[localhost].[/]       : Initializing Spring embedded WebApplicationContext
2025-10-20T16:24:35.047+09:00  INFO 11012 --- [ch03] [restartedMain] w.s.c.ServletWebServerApplicationContext : Root WebApplicationContext: initialization completed in 133 ms
2025-10-20T16:24:35.058+09:00  INFO 11012 --- [ch03] [restartedMain] o.s.b.a.w.s.WelcomePageHandlerMapping    : Adding welcome page: class path resource [static/index.html]
2025-10-20T16:24:35.082+09:00  INFO 11012 --- [ch03] [restartedMain] o.s.b.d.a.OptionalLiveReloadServer       : LiveReload server is running on port 35729
2025-10-20T16:24:35.087+09:00  INFO 11012 --- [ch03] [restartedMain] o.s.b.w.embedded.tomcat.TomcatWebServer  : Tomcat started on port 8090 (http) with context path '/'
2025-10-20T16:24:35.089+09:00  INFO 11012 --- [ch03] [restartedMain] com.example.demo.Ch03Application         : Started Ch03Application in 0.192 seconds (process running for 1592.201)
2025-10-20T16:24:35.089+09:00  INFO 11012 --- [ch03] [restartedMain] .ConditionEvaluationDeltaLoggingListener : Condition evaluation unchanged
2025-10-20T16:50:04.601+09:00  INFO 11012 --- [ch03] [File Watcher] rtingClassPathChangeChangedEventListener : Restarting due to 1 class path change (0 additions, 0 deletions, 1 modification)
2025-10-20T16:50:04.602+09:00  INFO 11012 --- [ch03] [Thread-18] o.s.b.w.e.tomcat.GracefulShutdown        : Commencing graceful shutdown. Waiting for active requests to complete
2025-10-20T16:50:04.604+09:00  INFO 11012 --- [ch03] [tomcat-shutdown] o.s.b.w.e.tomcat.GracefulShutdown        : Graceful shutdown complete
2025-10-20T16:50:04.646+09:00  INFO 11012 --- [ch03] [restartedMain] com.example.demo.Ch03Application         : Starting Ch03Application using Java 21.0.8 with PID 11012 (C:\jihyeon\s09_springboot\ex-ch03\bin\main started by YONSAI in C:\jihyeon\s09_springboot\ex-ch03)
2025-10-20T16:50:04.646+09:00  INFO 11012 --- [ch03] [restartedMain] com.example.demo.Ch03Application         : No active profile set, falling back to 1 default profile: "default"
2025-10-20T16:50:04.776+09:00  INFO 11012 --- [ch03] [restartedMain] o.s.b.w.embedded.tomcat.TomcatWebServer  : Tomcat initialized with port 8090 (http)
2025-10-20T16:50:04.777+09:00  INFO 11012 --- [ch03] [restartedMain] o.apache.catalina.core.StandardService   : Starting service [Tomcat]
2025-10-20T16:50:04.777+09:00  INFO 11012 --- [ch03] [restartedMain] o.apache.catalina.core.StandardEngine    : Starting Servlet engine: [Apache Tomcat/10.1.46]
2025-10-20T16:50:04.786+09:00  INFO 11012 --- [ch03] [restartedMain] o.a.c.c.C.[Tomcat].[localhost].[/]       : Initializing Spring embedded WebApplicationContext
2025-10-20T16:50:04.786+09:00  INFO 11012 --- [ch03] [restartedMain] w.s.c.ServletWebServerApplicationContext : Root WebApplicationContext: initialization completed in 138 ms
2025-10-20T16:50:04.801+09:00  INFO 11012 --- [ch03] [restartedMain] o.s.b.a.w.s.WelcomePageHandlerMapping    : Adding welcome page: class path resource [static/index.html]
2025-10-20T16:50:04.833+09:00  INFO 11012 --- [ch03] [restartedMain] o.s.b.d.a.OptionalLiveReloadServer       : LiveReload server is running on port 35729
2025-10-20T16:50:04.838+09:00  INFO 11012 --- [ch03] [restartedMain] o.s.b.w.embedded.tomcat.TomcatWebServer  : Tomcat started on port 8090 (http) with context path '/'
2025-10-20T16:50:04.840+09:00  INFO 11012 --- [ch03] [restartedMain] com.example.demo.Ch03Application         : Started Ch03Application in 0.211 seconds (process running for 3121.952)
2025-10-20T16:50:04.840+09:00  INFO 11012 --- [ch03] [restartedMain] .ConditionEvaluationDeltaLoggingListener : Condition evaluation unchanged
2025-10-20T16:50:06.250+09:00  INFO 11012 --- [ch03] [File Watcher] rtingClassPathChangeChangedEventListener : Restarting due to 5 class path changes (0 additions, 0 deletions, 5 modifications)
2025-10-20T16:50:06.251+09:00  INFO 11012 --- [ch03] [Thread-23] o.s.b.w.e.tomcat.GracefulShutdown        : Commencing graceful shutdown. Waiting for active requests to complete
2025-10-20T16:50:06.253+09:00  INFO 11012 --- [ch03] [tomcat-shutdown] o.s.b.w.e.tomcat.GracefulShutdown        : Graceful shutdown complete
2025-10-20T16:50:06.312+09:00  INFO 11012 --- [ch03] [restartedMain] com.example.demo.Ch03Application         : Starting Ch03Application using Java 21.0.8 with PID 11012 (C:\jihyeon\s09_springboot\ex-ch03\bin\main started by YONSAI in C:\jihyeon\s09_springboot\ex-ch03)
2025-10-20T16:50:06.312+09:00  INFO 11012 --- [ch03] [restartedMain] com.example.demo.Ch03Application         : No active profile set, falling back to 1 default profile: "default"
2025-10-20T16:50:06.439+09:00  INFO 11012 --- [ch03] [restartedMain] o.s.b.w.embedded.tomcat.TomcatWebServer  : Tomcat initialized with port 8090 (http)
2025-10-20T16:50:06.440+09:00  INFO 11012 --- [ch03] [restartedMain] o.apache.catalina.core.StandardService   : Starting service [Tomcat]
2025-10-20T16:50:06.440+09:00  INFO 11012 --- [ch03] [restartedMain] o.apache.catalina.core.StandardEngine    : Starting Servlet engine: [Apache Tomcat/10.1.46]
2025-10-20T16:50:06.448+09:00  INFO 11012 --- [ch03] [restartedMain] o.a.c.c.C.[Tomcat].[localhost].[/]       : Initializing Spring embedded WebApplicationContext
2025-10-20T16:50:06.448+09:00  INFO 11012 --- [ch03] [restartedMain] w.s.c.ServletWebServerApplicationContext : Root WebApplicationContext: initialization completed in 134 ms
2025-10-20T16:50:06.458+09:00  INFO 11012 --- [ch03] [restartedMain] o.s.b.a.w.s.WelcomePageHandlerMapping    : Adding welcome page: class path resource [static/index.html]
2025-10-20T16:50:06.481+09:00  INFO 11012 --- [ch03] [restartedMain] o.s.b.d.a.OptionalLiveReloadServer       : LiveReload server is running on port 35729
2025-10-20T16:50:06.485+09:00  INFO 11012 --- [ch03] [restartedMain] o.s.b.w.embedded.tomcat.TomcatWebServer  : Tomcat started on port 8090 (http) with context path '/'
2025-10-20T16:50:06.487+09:00  INFO 11012 --- [ch03] [restartedMain] com.example.demo.Ch03Application         : Started Ch03Application in 0.189 seconds (process running for 3123.599)
2025-10-20T16:50:06.488+09:00  INFO 11012 --- [ch03] [restartedMain] .ConditionEvaluationDeltaLoggingListener : Condition evaluation unchanged
2025-10-20T16:54:20.869+09:00  INFO 11012 --- [ch03] [File Watcher] rtingClassPathChangeChangedEventListener : Restarting due to 1 class path change (0 additions, 0 deletions, 1 modification)
2025-10-20T16:54:20.870+09:00  INFO 11012 --- [ch03] [Thread-28] o.s.b.w.e.tomcat.GracefulShutdown        : Commencing graceful shutdown. Waiting for active requests to complete
2025-10-20T16:54:20.872+09:00  INFO 11012 --- [ch03] [tomcat-shutdown] o.s.b.w.e.tomcat.GracefulShutdown        : Graceful shutdown complete
2025-10-20T16:54:20.926+09:00  INFO 11012 --- [ch03] [restartedMain] com.example.demo.Ch03Application         : Starting Ch03Application using Java 21.0.8 with PID 11012 (C:\jihyeon\s09_springboot\ex-ch03\bin\main started by YONSAI in C:\jihyeon\s09_springboot\ex-ch03)
2025-10-20T16:54:20.926+09:00  INFO 11012 --- [ch03] [restartedMain] com.example.demo.Ch03Application         : No active profile set, falling back to 1 default profile: "default"
2025-10-20T16:54:21.046+09:00  INFO 11012 --- [ch03] [restartedMain] o.s.b.w.embedded.tomcat.TomcatWebServer  : Tomcat initialized with port 8090 (http)
2025-10-20T16:54:21.046+09:00  INFO 11012 --- [ch03] [restartedMain] o.apache.catalina.core.StandardService   : Starting service [Tomcat]
2025-10-20T16:54:21.046+09:00  INFO 11012 --- [ch03] [restartedMain] o.apache.catalina.core.StandardEngine    : Starting Servlet engine: [Apache Tomcat/10.1.46]
2025-10-20T16:54:21.054+09:00  INFO 11012 --- [ch03] [restartedMain] o.a.c.c.C.[Tomcat].[localhost].[/]       : Initializing Spring embedded WebApplicationContext
2025-10-20T16:54:21.055+09:00  INFO 11012 --- [ch03] [restartedMain] w.s.c.ServletWebServerApplicationContext : Root WebApplicationContext: initialization completed in 128 ms
2025-10-20T16:54:21.067+09:00  INFO 11012 --- [ch03] [restartedMain] o.s.b.a.w.s.WelcomePageHandlerMapping    : Adding welcome page: class path resource [static/index.html]
2025-10-20T16:54:21.090+09:00  INFO 11012 --- [ch03] [restartedMain] o.s.b.d.a.OptionalLiveReloadServer       : LiveReload server is running on port 35729
2025-10-20T16:54:21.094+09:00  INFO 11012 --- [ch03] [restartedMain] o.s.b.w.embedded.tomcat.TomcatWebServer  : Tomcat started on port 8090 (http) with context path '/'
2025-10-20T16:54:21.096+09:00  INFO 11012 --- [ch03] [restartedMain] com.example.demo.Ch03Application         : Started Ch03Application in 0.184 seconds (process running for 3378.208)
2025-10-20T16:54:21.096+09:00  INFO 11012 --- [ch03] [restartedMain] .ConditionEvaluationDeltaLoggingListener : Condition evaluation unchanged
2025-10-20T16:54:22.526+09:00  INFO 11012 --- [ch03] [File Watcher] rtingClassPathChangeChangedEventListener : Restarting due to 6 class path changes (0 additions, 0 deletions, 6 modifications)
2025-10-20T16:54:22.527+09:00  INFO 11012 --- [ch03] [Thread-33] o.s.b.w.e.tomcat.GracefulShutdown        : Commencing graceful shutdown. Waiting for active requests to complete
2025-10-20T16:54:22.528+09:00  INFO 11012 --- [ch03] [tomcat-shutdown] o.s.b.w.e.tomcat.GracefulShutdown        : Graceful shutdown complete
2025-10-20T16:54:22.583+09:00  INFO 11012 --- [ch03] [restartedMain] com.example.demo.Ch03Application         : Starting Ch03Application using Java 21.0.8 with PID 11012 (C:\jihyeon\s09_springboot\ex-ch03\bin\main started by YONSAI in C:\jihyeon\s09_springboot\ex-ch03)
2025-10-20T16:54:22.584+09:00  INFO 11012 --- [ch03] [restartedMain] com.example.demo.Ch03Application         : No active profile set, falling back to 1 default profile: "default"
2025-10-20T16:54:22.720+09:00  INFO 11012 --- [ch03] [restartedMain] o.s.b.w.embedded.tomcat.TomcatWebServer  : Tomcat initialized with port 8090 (http)
2025-10-20T16:54:22.721+09:00  INFO 11012 --- [ch03] [restartedMain] o.apache.catalina.core.StandardService   : Starting service [Tomcat]
2025-10-20T16:54:22.721+09:00  INFO 11012 --- [ch03] [restartedMain] o.apache.catalina.core.StandardEngine    : Starting Servlet engine: [Apache Tomcat/10.1.46]
2025-10-20T16:54:22.729+09:00  INFO 11012 --- [ch03] [restartedMain] o.a.c.c.C.[Tomcat].[localhost].[/]       : Initializing Spring embedded WebApplicationContext
2025-10-20T16:54:22.729+09:00  INFO 11012 --- [ch03] [restartedMain] w.s.c.ServletWebServerApplicationContext : Root WebApplicationContext: initialization completed in 144 ms
2025-10-20T16:54:22.741+09:00  INFO 11012 --- [ch03] [restartedMain] o.s.b.a.w.s.WelcomePageHandlerMapping    : Adding welcome page: class path resource [static/index.html]
2025-10-20T16:54:22.763+09:00  INFO 11012 --- [ch03] [restartedMain] o.s.b.d.a.OptionalLiveReloadServer       : LiveReload server is running on port 35729
2025-10-20T16:54:22.767+09:00  INFO 11012 --- [ch03] [restartedMain] o.s.b.w.embedded.tomcat.TomcatWebServer  : Tomcat started on port 8090 (http) with context path '/'
2025-10-20T16:54:22.769+09:00  INFO 11012 --- [ch03] [restartedMain] com.example.demo.Ch03Application         : Started Ch03Application in 0.199 seconds (process running for 3379.881)
2025-10-20T16:54:22.769+09:00  INFO 11012 --- [ch03] [restartedMain] .ConditionEvaluationDeltaLoggingListener : Condition evaluation unchanged
2025-10-20T16:54:38.467+09:00  INFO 11012 --- [ch03] [File Watcher] rtingClassPathChangeChangedEventListener : Restarting due to 5 class path changes (0 additions, 0 deletions, 5 modifications)
2025-10-20T16:54:38.468+09:00  INFO 11012 --- [ch03] [Thread-38] o.s.b.w.e.tomcat.GracefulShutdown        : Commencing graceful shutdown. Waiting for active requests to complete
2025-10-20T16:54:38.470+09:00  INFO 11012 --- [ch03] [tomcat-shutdown] o.s.b.w.e.tomcat.GracefulShutdown        : Graceful shutdown complete
2025-10-20T16:54:38.523+09:00  INFO 11012 --- [ch03] [restartedMain] com.example.demo.Ch03Application         : Starting Ch03Application using Java 21.0.8 with PID 11012 (C:\jihyeon\s09_springboot\ex-ch03\bin\main started by YONSAI in C:\jihyeon\s09_springboot\ex-ch03)
2025-10-20T16:54:38.524+09:00  INFO 11012 --- [ch03] [restartedMain] com.example.demo.Ch03Application         : No active profile set, falling back to 1 default profile: "default"
2025-10-20T16:54:38.638+09:00  INFO 11012 --- [ch03] [restartedMain] o.s.b.w.embedded.tomcat.TomcatWebServer  : Tomcat initialized with port 8090 (http)
2025-10-20T16:54:38.638+09:00  INFO 11012 --- [ch03] [restartedMain] o.apache.catalina.core.StandardService   : Starting service [Tomcat]
2025-10-20T16:54:38.638+09:00  INFO 11012 --- [ch03] [restartedMain] o.apache.catalina.core.StandardEngine    : Starting Servlet engine: [Apache Tomcat/10.1.46]
2025-10-20T16:54:38.646+09:00  INFO 11012 --- [ch03] [restartedMain] o.a.c.c.C.[Tomcat].[localhost].[/]       : Initializing Spring embedded WebApplicationContext
2025-10-20T16:54:38.646+09:00  INFO 11012 --- [ch03] [restartedMain] w.s.c.ServletWebServerApplicationContext : Root WebApplicationContext: initialization completed in 121 ms
2025-10-20T16:54:38.656+09:00  INFO 11012 --- [ch03] [restartedMain] o.s.b.a.w.s.WelcomePageHandlerMapping    : Adding welcome page: class path resource [static/index.html]
2025-10-20T16:54:38.677+09:00  INFO 11012 --- [ch03] [restartedMain] o.s.b.d.a.OptionalLiveReloadServer       : LiveReload server is running on port 35729
2025-10-20T16:54:38.681+09:00  INFO 11012 --- [ch03] [restartedMain] o.s.b.w.embedded.tomcat.TomcatWebServer  : Tomcat started on port 8090 (http) with context path '/'
2025-10-20T16:54:38.683+09:00  INFO 11012 --- [ch03] [restartedMain] com.example.demo.Ch03Application         : Started Ch03Application in 0.173 seconds (process running for 3395.795)
2025-10-20T16:54:38.683+09:00  INFO 11012 --- [ch03] [restartedMain] .ConditionEvaluationDeltaLoggingListener : Condition evaluation unchanged
2025-10-20T16:54:39.336+09:00  INFO 11012 --- [ch03] [RMI TCP Connection(83)-127.0.0.1] inMXBeanRegistrar$SpringApplicationAdmin : Application shutdown requested.
2025-10-20T16:54:39.337+09:00  INFO 11012 --- [ch03] [RMI TCP Connection(83)-127.0.0.1] o.s.b.w.e.tomcat.GracefulShutdown        : Commencing graceful shutdown. Waiting for active requests to complete
2025-10-20T16:54:39.339+09:00  INFO 11012 --- [ch03] [tomcat-shutdown] o.s.b.w.e.tomcat.GracefulShutdown        : Graceful shutdown complete
2025-10-20T16:54:40.593+09:00  INFO 10376 --- [ch03] [restartedMain] com.example.demo.Ch03Application         : Starting Ch03Application using Java 21.0.8 with PID 10376 (C:\jihyeon\s09_springboot\ex-ch03\bin\main started by YONSAI in C:\jihyeon\s09_springboot\ex-ch03)
2025-10-20T16:54:40.594+09:00  INFO 10376 --- [ch03] [restartedMain] com.example.demo.Ch03Application         : No active profile set, falling back to 1 default profile: "default"
2025-10-20T16:54:40.618+09:00  INFO 10376 --- [ch03] [restartedMain] .e.DevToolsPropertyDefaultsPostProcessor : Devtools property defaults active! Set 'spring.devtools.add-properties' to 'false' to disable
2025-10-20T16:54:40.619+09:00  INFO 10376 --- [ch03] [restartedMain] .e.DevToolsPropertyDefaultsPostProcessor : For additional web related logging consider setting the 'logging.level.web' property to 'DEBUG'
2025-10-20T16:54:41.163+09:00  INFO 10376 --- [ch03] [restartedMain] o.s.b.w.embedded.tomcat.TomcatWebServer  : Tomcat initialized with port 8090 (http)
2025-10-20T16:54:41.172+09:00  INFO 10376 --- [ch03] [restartedMain] o.apache.catalina.core.StandardService   : Starting service [Tomcat]
2025-10-20T16:54:41.172+09:00  INFO 10376 --- [ch03] [restartedMain] o.apache.catalina.core.StandardEngine    : Starting Servlet engine: [Apache Tomcat/10.1.46]
2025-10-20T16:54:41.196+09:00  INFO 10376 --- [ch03] [restartedMain] o.a.c.c.C.[Tomcat].[localhost].[/]       : Initializing Spring embedded WebApplicationContext
2025-10-20T16:54:41.196+09:00  INFO 10376 --- [ch03] [restartedMain] w.s.c.ServletWebServerApplicationContext : Root WebApplicationContext: initialization completed in 577 ms
2025-10-20T16:54:41.263+09:00  INFO 10376 --- [ch03] [restartedMain] o.s.b.a.w.s.WelcomePageHandlerMapping    : Adding welcome page: class path resource [static/index.html]
2025-10-20T16:54:41.419+09:00  INFO 10376 --- [ch03] [restartedMain] o.s.b.d.a.OptionalLiveReloadServer       : LiveReload server is running on port 35729
2025-10-20T16:54:41.438+09:00  INFO 10376 --- [ch03] [restartedMain] o.s.b.w.embedded.tomcat.TomcatWebServer  : Tomcat started on port 8090 (http) with context path '/'
2025-10-20T16:54:41.443+09:00  INFO 10376 --- [ch03] [restartedMain] com.example.demo.Ch03Application         : Started Ch03Application in 1.108 seconds (process running for 1.502)
2025-10-20T16:54:44.738+09:00  INFO 10376 --- [ch03] [http-nio-8090-exec-1] o.a.c.c.C.[Tomcat].[localhost].[/]       : Initializing Spring DispatcherServlet 'dispatcherServlet'
2025-10-20T16:54:44.739+09:00  INFO 10376 --- [ch03] [http-nio-8090-exec-1] o.s.web.servlet.DispatcherServlet        : Initializing Servlet 'dispatcherServlet'
2025-10-20T16:54:44.739+09:00  INFO 10376 --- [ch03] [http-nio-8090-exec-1] o.s.web.servlet.DispatcherServlet        : Completed initialization in 0 ms
2025-10-20T16:54:44.760+09:00 ERROR 10376 --- [ch03] [http-nio-8090-exec-1] o.a.c.c.C.[.[.[/].[dispatcherServlet]    : Servlet.service() for servlet [dispatcherServlet] in context with path [] threw exception [Request processing failed: java.lang.NullPointerException: Cannot invoke "String.toUpperCase()" because "isThisNull" is null] with root cause

java.lang.NullPointerException: Cannot invoke "String.toUpperCase()" because "isThisNull" is null
	at com.example.demo.service.ExService.ex3310(ExService.java:286) ~[main/:na]
	at com.example.demo.controller.ExController.getex3310(ExController.java:118) ~[main/:na]
	at java.base/jdk.internal.reflect.DirectMethodHandleAccessor.invoke(DirectMethodHandleAccessor.java:103) ~[na:na]
	at java.base/java.lang.reflect.Method.invoke(Method.java:580) ~[na:na]
	at org.springframework.web.method.support.InvocableHandlerMethod.doInvoke(InvocableHandlerMethod.java:258) ~[spring-web-6.2.11.jar:6.2.11]
	at org.springframework.web.method.support.InvocableHandlerMethod.invokeForRequest(InvocableHandlerMethod.java:191) ~[spring-web-6.2.11.jar:6.2.11]
	at org.springframework.web.servlet.mvc.method.annotation.ServletInvocableHandlerMethod.invokeAndHandle(ServletInvocableHandlerMethod.java:118) ~[spring-webmvc-6.2.11.jar:6.2.11]
	at org.springframework.web.servlet.mvc.method.annotation.RequestMappingHandlerAdapter.invokeHandlerMethod(RequestMappingHandlerAdapter.java:991) ~[spring-webmvc-6.2.11.jar:6.2.11]
	at org.springframework.web.servlet.mvc.method.annotation.RequestMappingHandlerAdapter.handleInternal(RequestMappingHandlerAdapter.java:896) ~[spring-webmvc-6.2.11.jar:6.2.11]
	at org.springframework.web.servlet.mvc.method.AbstractHandlerMethodAdapter.handle(AbstractHandlerMethodAdapter.java:87) ~[spring-webmvc-6.2.11.jar:6.2.11]
	at org.springframework.web.servlet.DispatcherServlet.doDispatch(DispatcherServlet.java:1089) ~[spring-webmvc-6.2.11.jar:6.2.11]
	at org.springframework.web.servlet.DispatcherServlet.doService(DispatcherServlet.java:979) ~[spring-webmvc-6.2.11.jar:6.2.11]
	at org.springframework.web.servlet.FrameworkServlet.processRequest(FrameworkServlet.java:1014) ~[spring-webmvc-6.2.11.jar:6.2.11]
	at org.springframework.web.servlet.FrameworkServlet.doGet(FrameworkServlet.java:903) ~[spring-webmvc-6.2.11.jar:6.2.11]
	at jakarta.servlet.http.HttpServlet.service(HttpServlet.java:564) ~[tomcat-embed-core-10.1.46.jar:6.0]
	at org.springframework.web.servlet.FrameworkServlet.service(FrameworkServlet.java:885) ~[spring-webmvc-6.2.11.jar:6.2.11]
	at jakarta.servlet.http.HttpServlet.service(HttpServlet.java:658) ~[tomcat-embed-core-10.1.46.jar:6.0]
	at org.apache.catalina.core.ApplicationFilterChain.internalDoFilter(ApplicationFilterChain.java:195) ~[tomcat-embed-core-10.1.46.jar:10.1.46]
	at org.apache.catalina.core.ApplicationFilterChain.doFilter(ApplicationFilterChain.java:140) ~[tomcat-embed-core-10.1.46.jar:10.1.46]
	at org.apache.tomcat.websocket.server.WsFilter.doFilter(WsFilter.java:51) ~[tomcat-embed-websocket-10.1.46.jar:10.1.46]
	at org.apache.catalina.core.ApplicationFilterChain.internalDoFilter(ApplicationFilterChain.java:164) ~[tomcat-embed-core-10.1.46.jar:10.1.46]
	at org.apache.catalina.core.ApplicationFilterChain.doFilter(ApplicationFilterChain.java:140) ~[tomcat-embed-core-10.1.46.jar:10.1.46]
	at org.springframework.web.filter.RequestContextFilter.doFilterInternal(RequestContextFilter.java:100) ~[spring-web-6.2.11.jar:6.2.11]
	at org.springframework.web.filter.OncePerRequestFilter.doFilter(OncePerRequestFilter.java:116) ~[spring-web-6.2.11.jar:6.2.11]
	at org.apache.catalina.core.ApplicationFilterChain.internalDoFilter(ApplicationFilterChain.java:164) ~[tomcat-embed-core-10.1.46.jar:10.1.46]
	at org.apache.catalina.core.ApplicationFilterChain.doFilter(ApplicationFilterChain.java:140) ~[tomcat-embed-core-10.1.46.jar:10.1.46]
	at org.springframework.web.filter.FormContentFilter.doFilterInternal(FormContentFilter.java:93) ~[spring-web-6.2.11.jar:6.2.11]
	at org.springframework.web.filter.OncePerRequestFilter.doFilter(OncePerRequestFilter.java:116) ~[spring-web-6.2.11.jar:6.2.11]
	at org.apache.catalina.core.ApplicationFilterChain.internalDoFilter(ApplicationFilterChain.java:164) ~[tomcat-embed-core-10.1.46.jar:10.1.46]
	at org.apache.catalina.core.ApplicationFilterChain.doFilter(ApplicationFilterChain.java:140) ~[tomcat-embed-core-10.1.46.jar:10.1.46]
	at org.springframework.web.filter.CharacterEncodingFilter.doFilterInternal(CharacterEncodingFilter.java:201) ~[spring-web-6.2.11.jar:6.2.11]
	at org.springframework.web.filter.OncePerRequestFilter.doFilter(OncePerRequestFilter.java:116) ~[spring-web-6.2.11.jar:6.2.11]
	at org.apache.catalina.core.ApplicationFilterChain.internalDoFilter(ApplicationFilterChain.java:164) ~[tomcat-embed-core-10.1.46.jar:10.1.46]
	at org.apache.catalina.core.ApplicationFilterChain.doFilter(ApplicationFilterChain.java:140) ~[tomcat-embed-core-10.1.46.jar:10.1.46]
	at org.apache.catalina.core.StandardWrapperValve.invoke(StandardWrapperValve.java:167) ~[tomcat-embed-core-10.1.46.jar:10.1.46]
	at org.apache.catalina.core.StandardContextValve.invoke(StandardContextValve.java:90) ~[tomcat-embed-core-10.1.46.jar:10.1.46]
	at org.apache.catalina.authenticator.AuthenticatorBase.invoke(AuthenticatorBase.java:483) ~[tomcat-embed-core-10.1.46.jar:10.1.46]
	at org.apache.catalina.core.StandardHostValve.invoke(StandardHostValve.java:116) ~[tomcat-embed-core-10.1.46.jar:10.1.46]
	at org.apache.catalina.valves.ErrorReportValve.invoke(ErrorReportValve.java:93) ~[tomcat-embed-core-10.1.46.jar:10.1.46]
	at org.apache.catalina.core.StandardEngineValve.invoke(StandardEngineValve.java:74) ~[tomcat-embed-core-10.1.46.jar:10.1.46]
	at org.apache.catalina.connector.CoyoteAdapter.service(CoyoteAdapter.java:344) ~[tomcat-embed-core-10.1.46.jar:10.1.46]
	at org.apache.coyote.http11.Http11Processor.service(Http11Processor.java:398) ~[tomcat-embed-core-10.1.46.jar:10.1.46]
	at org.apache.coyote.AbstractProcessorLight.process(AbstractProcessorLight.java:63) ~[tomcat-embed-core-10.1.46.jar:10.1.46]
	at org.apache.coyote.AbstractProtocol$ConnectionHandler.process(AbstractProtocol.java:903) ~[tomcat-embed-core-10.1.46.jar:10.1.46]
	at org.apache.tomcat.util.net.NioEndpoint$SocketProcessor.doRun(NioEndpoint.java:1776) ~[tomcat-embed-core-10.1.46.jar:10.1.46]
	at org.apache.tomcat.util.net.SocketProcessorBase.run(SocketProcessorBase.java:52) ~[tomcat-embed-core-10.1.46.jar:10.1.46]
	at org.apache.tomcat.util.threads.ThreadPoolExecutor.runWorker(ThreadPoolExecutor.java:975) ~[tomcat-embed-core-10.1.46.jar:10.1.46]
	at org.apache.tomcat.util.threads.ThreadPoolExecutor$Worker.run(ThreadPoolExecutor.java:493) ~[tomcat-embed-core-10.1.46.jar:10.1.46]
	at org.apache.tomcat.util.threads.TaskThread$WrappingRunnable.run(TaskThread.java:63) ~[tomcat-embed-core-10.1.46.jar:10.1.46]
	at java.base/java.lang.Thread.run(Thread.java:1583) ~[na:na]

2025-10-20T17:09:07.014+09:00  INFO 10376 --- [ch03] [File Watcher] rtingClassPathChangeChangedEventListener : Restarting due to 5 class path changes (0 additions, 0 deletions, 5 modifications)
2025-10-20T17:09:07.016+09:00  INFO 10376 --- [ch03] [Thread-6] o.s.b.w.e.tomcat.GracefulShutdown        : Commencing graceful shutdown. Waiting for active requests to complete
2025-10-20T17:09:07.020+09:00  INFO 10376 --- [ch03] [tomcat-shutdown] o.s.b.w.e.tomcat.GracefulShutdown        : Graceful shutdown complete
2025-10-20T17:09:07.084+09:00  INFO 10376 --- [ch03] [restartedMain] com.example.demo.Ch03Application         : Starting Ch03Application using Java 21.0.8 with PID 10376 (C:\jihyeon\s09_springboot\ex-ch03\bin\main started by YONSAI in C:\jihyeon\s09_springboot\ex-ch03)
2025-10-20T17:09:07.085+09:00  INFO 10376 --- [ch03] [restartedMain] com.example.demo.Ch03Application         : No active profile set, falling back to 1 default profile: "default"
2025-10-20T17:09:07.230+09:00  INFO 10376 --- [ch03] [restartedMain] o.s.b.w.embedded.tomcat.TomcatWebServer  : Tomcat initialized with port 8090 (http)
2025-10-20T17:09:07.231+09:00  INFO 10376 --- [ch03] [restartedMain] o.apache.catalina.core.StandardService   : Starting service [Tomcat]
2025-10-20T17:09:07.231+09:00  INFO 10376 --- [ch03] [restartedMain] o.apache.catalina.core.StandardEngine    : Starting Servlet engine: [Apache Tomcat/10.1.46]
2025-10-20T17:09:07.240+09:00  INFO 10376 --- [ch03] [restartedMain] o.a.c.c.C.[Tomcat].[localhost].[/]       : Initializing Spring embedded WebApplicationContext
2025-10-20T17:09:07.240+09:00  INFO 10376 --- [ch03] [restartedMain] w.s.c.ServletWebServerApplicationContext : Root WebApplicationContext: initialization completed in 153 ms
2025-10-20T17:09:07.260+09:00  INFO 10376 --- [ch03] [restartedMain] o.s.b.a.w.s.WelcomePageHandlerMapping    : Adding welcome page: class path resource [static/index.html]
2025-10-20T17:09:07.301+09:00  INFO 10376 --- [ch03] [restartedMain] o.s.b.d.a.OptionalLiveReloadServer       : LiveReload server is running on port 35729
2025-10-20T17:09:07.307+09:00  INFO 10376 --- [ch03] [restartedMain] o.s.b.w.embedded.tomcat.TomcatWebServer  : Tomcat started on port 8090 (http) with context path '/'
2025-10-20T17:09:07.309+09:00  INFO 10376 --- [ch03] [restartedMain] com.example.demo.Ch03Application         : Started Ch03Application in 0.245 seconds (process running for 867.368)
2025-10-20T17:09:07.310+09:00  INFO 10376 --- [ch03] [restartedMain] .ConditionEvaluationDeltaLoggingListener : Condition evaluation unchanged
2025-10-20T17:09:11.548+09:00  INFO 10376 --- [ch03] [http-nio-8090-exec-1] o.a.c.c.C.[Tomcat].[localhost].[/]       : Initializing Spring DispatcherServlet 'dispatcherServlet'
2025-10-20T17:09:11.548+09:00  INFO 10376 --- [ch03] [http-nio-8090-exec-1] o.s.web.servlet.DispatcherServlet        : Initializing Servlet 'dispatcherServlet'
2025-10-20T17:09:11.548+09:00  INFO 10376 --- [ch03] [http-nio-8090-exec-1] o.s.web.servlet.DispatcherServlet        : Completed initialization in 0 ms
2025-10-20T17:10:11.793+09:00  INFO 10376 --- [ch03] [RMI TCP Connection(30)-127.0.0.1] inMXBeanRegistrar$SpringApplicationAdmin : Application shutdown requested.
2025-10-20T17:10:11.793+09:00  INFO 10376 --- [ch03] [RMI TCP Connection(30)-127.0.0.1] o.s.b.w.e.tomcat.GracefulShutdown        : Commencing graceful shutdown. Waiting for active requests to complete
2025-10-20T17:10:11.795+09:00  INFO 10376 --- [ch03] [tomcat-shutdown] o.s.b.w.e.tomcat.GracefulShutdown        : Graceful shutdown complete
2025-10-20T17:10:14.309+09:00  INFO 12936 --- [ch03] [restartedMain] com.example.demo.Ch03Application         : Starting Ch03Application using Java 21.0.8 with PID 12936 (C:\jihyeon\s09_springboot\ex-ch03\bin\main started by YONSAI in C:\jihyeon\s09_springboot\ex-ch03)
2025-10-20T17:10:14.311+09:00  INFO 12936 --- [ch03] [restartedMain] com.example.demo.Ch03Application         : No active profile set, falling back to 1 default profile: "default"
2025-10-20T17:10:14.338+09:00  INFO 12936 --- [ch03] [restartedMain] .e.DevToolsPropertyDefaultsPostProcessor : Devtools property defaults active! Set 'spring.devtools.add-properties' to 'false' to disable
2025-10-20T17:10:14.339+09:00  INFO 12936 --- [ch03] [restartedMain] .e.DevToolsPropertyDefaultsPostProcessor : For additional web related logging consider setting the 'logging.level.web' property to 'DEBUG'
2025-10-20T17:10:14.891+09:00  INFO 12936 --- [ch03] [restartedMain] o.s.b.w.embedded.tomcat.TomcatWebServer  : Tomcat initialized with port 8090 (http)
2025-10-20T17:10:14.899+09:00  INFO 12936 --- [ch03] [restartedMain] o.apache.catalina.core.StandardService   : Starting service [Tomcat]
2025-10-20T17:10:14.899+09:00  INFO 12936 --- [ch03] [restartedMain] o.apache.catalina.core.StandardEngine    : Starting Servlet engine: [Apache Tomcat/10.1.46]
2025-10-20T17:10:14.925+09:00  INFO 12936 --- [ch03] [restartedMain] o.a.c.c.C.[Tomcat].[localhost].[/]       : Initializing Spring embedded WebApplicationContext
2025-10-20T17:10:14.926+09:00  INFO 12936 --- [ch03] [restartedMain] w.s.c.ServletWebServerApplicationContext : Root WebApplicationContext: initialization completed in 586 ms
2025-10-20T17:10:14.994+09:00  INFO 12936 --- [ch03] [restartedMain] o.s.b.a.w.s.WelcomePageHandlerMapping    : Adding welcome page: class path resource [static/index.html]
2025-10-20T17:10:15.152+09:00  INFO 12936 --- [ch03] [restartedMain] o.s.b.d.a.OptionalLiveReloadServer       : LiveReload server is running on port 35729
2025-10-20T17:10:15.174+09:00  INFO 12936 --- [ch03] [restartedMain] o.s.b.w.embedded.tomcat.TomcatWebServer  : Tomcat started on port 8090 (http) with context path '/'
2025-10-20T17:10:15.179+09:00  INFO 12936 --- [ch03] [restartedMain] com.example.demo.Ch03Application         : Started Ch03Application in 1.15 seconds (process running for 1.55)
2025-10-20T17:10:19.192+09:00  INFO 12936 --- [ch03] [http-nio-8090-exec-1] o.a.c.c.C.[Tomcat].[localhost].[/]       : Initializing Spring DispatcherServlet 'dispatcherServlet'
2025-10-20T17:10:19.193+09:00  INFO 12936 --- [ch03] [http-nio-8090-exec-1] o.s.web.servlet.DispatcherServlet        : Initializing Servlet 'dispatcherServlet'
2025-10-20T17:10:19.193+09:00  INFO 12936 --- [ch03] [http-nio-8090-exec-1] o.s.web.servlet.DispatcherServlet        : Completed initialization in 0 ms
2025-10-20T17:18:48.201+09:00  INFO 12936 --- [ch03] [File Watcher] rtingClassPathChangeChangedEventListener : Restarting due to 5 class path changes (0 additions, 1 deletion, 4 modifications)
2025-10-20T17:18:48.203+09:00  INFO 12936 --- [ch03] [Thread-6] o.s.b.w.e.tomcat.GracefulShutdown        : Commencing graceful shutdown. Waiting for active requests to complete
2025-10-20T17:18:48.207+09:00  INFO 12936 --- [ch03] [tomcat-shutdown] o.s.b.w.e.tomcat.GracefulShutdown        : Graceful shutdown complete
2025-10-20T17:18:48.273+09:00  INFO 12936 --- [ch03] [restartedMain] com.example.demo.Ch03Application         : Starting Ch03Application using Java 21.0.8 with PID 12936 (C:\jihyeon\s09_springboot\ex-ch03\bin\main started by YONSAI in C:\jihyeon\s09_springboot\ex-ch03)
2025-10-20T17:18:48.274+09:00  INFO 12936 --- [ch03] [restartedMain] com.example.demo.Ch03Application         : No active profile set, falling back to 1 default profile: "default"
2025-10-20T17:18:48.434+09:00  INFO 12936 --- [ch03] [restartedMain] o.s.b.w.embedded.tomcat.TomcatWebServer  : Tomcat initialized with port 8090 (http)
2025-10-20T17:18:48.435+09:00  INFO 12936 --- [ch03] [restartedMain] o.apache.catalina.core.StandardService   : Starting service [Tomcat]
2025-10-20T17:18:48.435+09:00  INFO 12936 --- [ch03] [restartedMain] o.apache.catalina.core.StandardEngine    : Starting Servlet engine: [Apache Tomcat/10.1.46]
2025-10-20T17:18:48.444+09:00  INFO 12936 --- [ch03] [restartedMain] o.a.c.c.C.[Tomcat].[localhost].[/]       : Initializing Spring embedded WebApplicationContext
2025-10-20T17:18:48.444+09:00  INFO 12936 --- [ch03] [restartedMain] w.s.c.ServletWebServerApplicationContext : Root WebApplicationContext: initialization completed in 168 ms
2025-10-20T17:18:48.451+09:00  WARN 12936 --- [ch03] [restartedMain] ConfigServletWebServerApplicationContext : Exception encountered during context initialization - cancelling refresh attempt: org.springframework.beans.factory.UnsatisfiedDependencyException: Error creating bean with name 'exController' defined in file [C:\jihyeon\s09_springboot\ex-ch03\bin\main\com\example\demo\controller\ExController.class]: Unsatisfied dependency expressed through constructor parameter 0: Error creating bean with name 'exService' defined in file [C:\jihyeon\s09_springboot\ex-ch03\bin\main\com\example\demo\service\ExService.class]: Failed to instantiate [com.example.demo.service.ExService]: Constructor threw exception
2025-10-20T17:18:48.452+09:00  INFO 12936 --- [ch03] [restartedMain] o.apache.catalina.core.StandardService   : Stopping service [Tomcat]
2025-10-20T17:18:48.454+09:00  INFO 12936 --- [ch03] [restartedMain] .s.b.a.l.ConditionEvaluationReportLogger : 

Error starting ApplicationContext. To display the condition evaluation report re-run your application with 'debug' enabled.
2025-10-20T17:18:48.466+09:00 ERROR 12936 --- [ch03] [restartedMain] o.s.boot.SpringApplication               : Application run failed

org.springframework.beans.factory.UnsatisfiedDependencyException: Error creating bean with name 'exController' defined in file [C:\jihyeon\s09_springboot\ex-ch03\bin\main\com\example\demo\controller\ExController.class]: Unsatisfied dependency expressed through constructor parameter 0: Error creating bean with name 'exService' defined in file [C:\jihyeon\s09_springboot\ex-ch03\bin\main\com\example\demo\service\ExService.class]: Failed to instantiate [com.example.demo.service.ExService]: Constructor threw exception
	at org.springframework.beans.factory.support.ConstructorResolver.createArgumentArray(ConstructorResolver.java:804) ~[spring-beans-6.2.11.jar:6.2.11]
	at org.springframework.beans.factory.support.ConstructorResolver.autowireConstructor(ConstructorResolver.java:240) ~[spring-beans-6.2.11.jar:6.2.11]
	at org.springframework.beans.factory.support.AbstractAutowireCapableBeanFactory.autowireConstructor(AbstractAutowireCapableBeanFactory.java:1395) ~[spring-beans-6.2.11.jar:6.2.11]
	at org.springframework.beans.factory.support.AbstractAutowireCapableBeanFactory.createBeanInstance(AbstractAutowireCapableBeanFactory.java:1232) ~[spring-beans-6.2.11.jar:6.2.11]
	at org.springframework.beans.factory.support.AbstractAutowireCapableBeanFactory.doCreateBean(AbstractAutowireCapableBeanFactory.java:569) ~[spring-beans-6.2.11.jar:6.2.11]
	at org.springframework.beans.factory.support.AbstractAutowireCapableBeanFactory.createBean(AbstractAutowireCapableBeanFactory.java:529) ~[spring-beans-6.2.11.jar:6.2.11]
	at org.springframework.beans.factory.support.AbstractBeanFactory.lambda$doGetBean$0(AbstractBeanFactory.java:339) ~[spring-beans-6.2.11.jar:6.2.11]
	at org.springframework.beans.factory.support.DefaultSingletonBeanRegistry.getSingleton(DefaultSingletonBeanRegistry.java:373) ~[spring-beans-6.2.11.jar:6.2.11]
	at org.springframework.beans.factory.support.AbstractBeanFactory.doGetBean(AbstractBeanFactory.java:337) ~[spring-beans-6.2.11.jar:6.2.11]
	at org.springframework.beans.factory.support.AbstractBeanFactory.getBean(AbstractBeanFactory.java:202) ~[spring-beans-6.2.11.jar:6.2.11]
	at org.springframework.beans.factory.support.DefaultListableBeanFactory.instantiateSingleton(DefaultListableBeanFactory.java:1221) ~[spring-beans-6.2.11.jar:6.2.11]
	at org.springframework.beans.factory.support.DefaultListableBeanFactory.preInstantiateSingleton(DefaultListableBeanFactory.java:1187) ~[spring-beans-6.2.11.jar:6.2.11]
	at org.springframework.beans.factory.support.DefaultListableBeanFactory.preInstantiateSingletons(DefaultListableBeanFactory.java:1123) ~[spring-beans-6.2.11.jar:6.2.11]
	at org.springframework.context.support.AbstractApplicationContext.finishBeanFactoryInitialization(AbstractApplicationContext.java:987) ~[spring-context-6.2.11.jar:6.2.11]
	at org.springframework.context.support.AbstractApplicationContext.refresh(AbstractApplicationContext.java:627) ~[spring-context-6.2.11.jar:6.2.11]
	at org.springframework.boot.web.servlet.context.ServletWebServerApplicationContext.refresh(ServletWebServerApplicationContext.java:146) ~[spring-boot-3.5.6.jar:3.5.6]
	at org.springframework.boot.SpringApplication.refresh(SpringApplication.java:752) ~[spring-boot-3.5.6.jar:3.5.6]
	at org.springframework.boot.SpringApplication.refreshContext(SpringApplication.java:439) ~[spring-boot-3.5.6.jar:3.5.6]
	at org.springframework.boot.SpringApplication.run(SpringApplication.java:318) ~[spring-boot-3.5.6.jar:3.5.6]
	at org.springframework.boot.SpringApplication.run(SpringApplication.java:1361) ~[spring-boot-3.5.6.jar:3.5.6]
	at org.springframework.boot.SpringApplication.run(SpringApplication.java:1350) ~[spring-boot-3.5.6.jar:3.5.6]
	at com.example.demo.Ch03Application.main(Ch03Application.java:12) ~[main/:na]
	at java.base/jdk.internal.reflect.DirectMethodHandleAccessor.invoke(DirectMethodHandleAccessor.java:103) ~[na:na]
	at java.base/java.lang.reflect.Method.invoke(Method.java:580) ~[na:na]
	at org.springframework.boot.devtools.restart.RestartLauncher.run(RestartLauncher.java:50) ~[spring-boot-devtools-3.5.6.jar:3.5.6]
Caused by: org.springframework.beans.factory.BeanCreationException: Error creating bean with name 'exService' defined in file [C:\jihyeon\s09_springboot\ex-ch03\bin\main\com\example\demo\service\ExService.class]: Failed to instantiate [com.example.demo.service.ExService]: Constructor threw exception
	at org.springframework.beans.factory.support.AbstractAutowireCapableBeanFactory.instantiateBean(AbstractAutowireCapableBeanFactory.java:1357) ~[spring-beans-6.2.11.jar:6.2.11]
	at org.springframework.beans.factory.support.AbstractAutowireCapableBeanFactory.createBeanInstance(AbstractAutowireCapableBeanFactory.java:1242) ~[spring-beans-6.2.11.jar:6.2.11]
	at org.springframework.beans.factory.support.AbstractAutowireCapableBeanFactory.doCreateBean(AbstractAutowireCapableBeanFactory.java:569) ~[spring-beans-6.2.11.jar:6.2.11]
	at org.springframework.beans.factory.support.AbstractAutowireCapableBeanFactory.createBean(AbstractAutowireCapableBeanFactory.java:529) ~[spring-beans-6.2.11.jar:6.2.11]
	at org.springframework.beans.factory.support.AbstractBeanFactory.lambda$doGetBean$0(AbstractBeanFactory.java:339) ~[spring-beans-6.2.11.jar:6.2.11]
	at org.springframework.beans.factory.support.DefaultSingletonBeanRegistry.getSingleton(DefaultSingletonBeanRegistry.java:373) ~[spring-beans-6.2.11.jar:6.2.11]
	at org.springframework.beans.factory.support.AbstractBeanFactory.doGetBean(AbstractBeanFactory.java:337) ~[spring-beans-6.2.11.jar:6.2.11]
	at org.springframework.beans.factory.support.AbstractBeanFactory.getBean(AbstractBeanFactory.java:202) ~[spring-beans-6.2.11.jar:6.2.11]
	at org.springframework.beans.factory.support.DefaultListableBeanFactory.doResolveDependency(DefaultListableBeanFactory.java:1698) ~[spring-beans-6.2.11.jar:6.2.11]
	at org.springframework.beans.factory.support.DefaultListableBeanFactory.resolveDependency(DefaultListableBeanFactory.java:1643) ~[spring-beans-6.2.11.jar:6.2.11]
	at org.springframework.beans.factory.support.ConstructorResolver.resolveAutowiredArgument(ConstructorResolver.java:913) ~[spring-beans-6.2.11.jar:6.2.11]
	at org.springframework.beans.factory.support.ConstructorResolver.createArgumentArray(ConstructorResolver.java:791) ~[spring-beans-6.2.11.jar:6.2.11]
	... 24 common frames omitted
Caused by: org.springframework.beans.BeanInstantiationException: Failed to instantiate [com.example.demo.service.ExService]: Constructor threw exception
	at org.springframework.beans.BeanUtils.instantiateClass(BeanUtils.java:223) ~[spring-beans-6.2.11.jar:6.2.11]
	at org.springframework.beans.factory.support.SimpleInstantiationStrategy.instantiate(SimpleInstantiationStrategy.java:123) ~[spring-beans-6.2.11.jar:6.2.11]
	at org.springframework.beans.factory.support.AbstractAutowireCapableBeanFactory.instantiateBean(AbstractAutowireCapableBeanFactory.java:1351) ~[spring-beans-6.2.11.jar:6.2.11]
	... 35 common frames omitted
Caused by: java.lang.Error: Unresolved compilation problem: 
	Local variable result defined in an enclosing scope must be final or effectively final

	at com.example.demo.service.ExService.<init>(ExService.java:311) ~[main/:na]
	at java.base/jdk.internal.reflect.DirectConstructorHandleAccessor.newInstance(DirectConstructorHandleAccessor.java:62) ~[na:na]
	at java.base/java.lang.reflect.Constructor.newInstanceWithCaller(Constructor.java:502) ~[na:na]
	at java.base/java.lang.reflect.Constructor.newInstance(Constructor.java:486) ~[na:na]
	at org.springframework.beans.BeanUtils.instantiateClass(BeanUtils.java:197) ~[spring-beans-6.2.11.jar:6.2.11]
	... 37 common frames omitted

2025-10-20T17:18:53.081+09:00  INFO 12432 --- [ch03] [restartedMain] com.example.demo.Ch03Application         : Starting Ch03Application using Java 21.0.8 with PID 12432 (C:\jihyeon\s09_springboot\ex-ch03\bin\main started by YONSAI in C:\jihyeon\s09_springboot\ex-ch03)
2025-10-20T17:18:53.082+09:00  INFO 12432 --- [ch03] [restartedMain] com.example.demo.Ch03Application         : No active profile set, falling back to 1 default profile: "default"
2025-10-20T17:18:53.106+09:00  INFO 12432 --- [ch03] [restartedMain] .e.DevToolsPropertyDefaultsPostProcessor : Devtools property defaults active! Set 'spring.devtools.add-properties' to 'false' to disable
2025-10-20T17:18:53.107+09:00  INFO 12432 --- [ch03] [restartedMain] .e.DevToolsPropertyDefaultsPostProcessor : For additional web related logging consider setting the 'logging.level.web' property to 'DEBUG'
2025-10-20T17:18:53.643+09:00  INFO 12432 --- [ch03] [restartedMain] o.s.b.w.embedded.tomcat.TomcatWebServer  : Tomcat initialized with port 8090 (http)
2025-10-20T17:18:53.651+09:00  INFO 12432 --- [ch03] [restartedMain] o.apache.catalina.core.StandardService   : Starting service [Tomcat]
2025-10-20T17:18:53.652+09:00  INFO 12432 --- [ch03] [restartedMain] o.apache.catalina.core.StandardEngine    : Starting Servlet engine: [Apache Tomcat/10.1.46]
2025-10-20T17:18:53.675+09:00  INFO 12432 --- [ch03] [restartedMain] o.a.c.c.C.[Tomcat].[localhost].[/]       : Initializing Spring embedded WebApplicationContext
2025-10-20T17:18:53.675+09:00  INFO 12432 --- [ch03] [restartedMain] w.s.c.ServletWebServerApplicationContext : Root WebApplicationContext: initialization completed in 568 ms
2025-10-20T17:18:53.713+09:00  WARN 12432 --- [ch03] [restartedMain] ConfigServletWebServerApplicationContext : Exception encountered during context initialization - cancelling refresh attempt: org.springframework.beans.factory.UnsatisfiedDependencyException: Error creating bean with name 'exController' defined in file [C:\jihyeon\s09_springboot\ex-ch03\bin\main\com\example\demo\controller\ExController.class]: Unsatisfied dependency expressed through constructor parameter 0: Error creating bean with name 'exService' defined in file [C:\jihyeon\s09_springboot\ex-ch03\bin\main\com\example\demo\service\ExService.class]: Failed to instantiate [com.example.demo.service.ExService]: Constructor threw exception
2025-10-20T17:18:53.714+09:00  INFO 12432 --- [ch03] [restartedMain] o.apache.catalina.core.StandardService   : Stopping service [Tomcat]
2025-10-20T17:18:53.722+09:00  INFO 12432 --- [ch03] [restartedMain] .s.b.a.l.ConditionEvaluationReportLogger : 

Error starting ApplicationContext. To display the condition evaluation report re-run your application with 'debug' enabled.
2025-10-20T17:18:53.736+09:00 ERROR 12432 --- [ch03] [restartedMain] o.s.boot.SpringApplication               : Application run failed

org.springframework.beans.factory.UnsatisfiedDependencyException: Error creating bean with name 'exController' defined in file [C:\jihyeon\s09_springboot\ex-ch03\bin\main\com\example\demo\controller\ExController.class]: Unsatisfied dependency expressed through constructor parameter 0: Error creating bean with name 'exService' defined in file [C:\jihyeon\s09_springboot\ex-ch03\bin\main\com\example\demo\service\ExService.class]: Failed to instantiate [com.example.demo.service.ExService]: Constructor threw exception
	at org.springframework.beans.factory.support.ConstructorResolver.createArgumentArray(ConstructorResolver.java:804) ~[spring-beans-6.2.11.jar:6.2.11]
	at org.springframework.beans.factory.support.ConstructorResolver.autowireConstructor(ConstructorResolver.java:240) ~[spring-beans-6.2.11.jar:6.2.11]
	at org.springframework.beans.factory.support.AbstractAutowireCapableBeanFactory.autowireConstructor(AbstractAutowireCapableBeanFactory.java:1395) ~[spring-beans-6.2.11.jar:6.2.11]
	at org.springframework.beans.factory.support.AbstractAutowireCapableBeanFactory.createBeanInstance(AbstractAutowireCapableBeanFactory.java:1232) ~[spring-beans-6.2.11.jar:6.2.11]
	at org.springframework.beans.factory.support.AbstractAutowireCapableBeanFactory.doCreateBean(AbstractAutowireCapableBeanFactory.java:569) ~[spring-beans-6.2.11.jar:6.2.11]
	at org.springframework.beans.factory.support.AbstractAutowireCapableBeanFactory.createBean(AbstractAutowireCapableBeanFactory.java:529) ~[spring-beans-6.2.11.jar:6.2.11]
	at org.springframework.beans.factory.support.AbstractBeanFactory.lambda$doGetBean$0(AbstractBeanFactory.java:339) ~[spring-beans-6.2.11.jar:6.2.11]
	at org.springframework.beans.factory.support.DefaultSingletonBeanRegistry.getSingleton(DefaultSingletonBeanRegistry.java:373) ~[spring-beans-6.2.11.jar:6.2.11]
	at org.springframework.beans.factory.support.AbstractBeanFactory.doGetBean(AbstractBeanFactory.java:337) ~[spring-beans-6.2.11.jar:6.2.11]
	at org.springframework.beans.factory.support.AbstractBeanFactory.getBean(AbstractBeanFactory.java:202) ~[spring-beans-6.2.11.jar:6.2.11]
	at org.springframework.beans.factory.support.DefaultListableBeanFactory.instantiateSingleton(DefaultListableBeanFactory.java:1221) ~[spring-beans-6.2.11.jar:6.2.11]
	at org.springframework.beans.factory.support.DefaultListableBeanFactory.preInstantiateSingleton(DefaultListableBeanFactory.java:1187) ~[spring-beans-6.2.11.jar:6.2.11]
	at org.springframework.beans.factory.support.DefaultListableBeanFactory.preInstantiateSingletons(DefaultListableBeanFactory.java:1123) ~[spring-beans-6.2.11.jar:6.2.11]
	at org.springframework.context.support.AbstractApplicationContext.finishBeanFactoryInitialization(AbstractApplicationContext.java:987) ~[spring-context-6.2.11.jar:6.2.11]
	at org.springframework.context.support.AbstractApplicationContext.refresh(AbstractApplicationContext.java:627) ~[spring-context-6.2.11.jar:6.2.11]
	at org.springframework.boot.web.servlet.context.ServletWebServerApplicationContext.refresh(ServletWebServerApplicationContext.java:146) ~[spring-boot-3.5.6.jar:3.5.6]
	at org.springframework.boot.SpringApplication.refresh(SpringApplication.java:752) ~[spring-boot-3.5.6.jar:3.5.6]
	at org.springframework.boot.SpringApplication.refreshContext(SpringApplication.java:439) ~[spring-boot-3.5.6.jar:3.5.6]
	at org.springframework.boot.SpringApplication.run(SpringApplication.java:318) ~[spring-boot-3.5.6.jar:3.5.6]
	at org.springframework.boot.SpringApplication.run(SpringApplication.java:1361) ~[spring-boot-3.5.6.jar:3.5.6]
	at org.springframework.boot.SpringApplication.run(SpringApplication.java:1350) ~[spring-boot-3.5.6.jar:3.5.6]
	at com.example.demo.Ch03Application.main(Ch03Application.java:12) ~[main/:na]
	at java.base/jdk.internal.reflect.DirectMethodHandleAccessor.invoke(DirectMethodHandleAccessor.java:103) ~[na:na]
	at java.base/java.lang.reflect.Method.invoke(Method.java:580) ~[na:na]
	at org.springframework.boot.devtools.restart.RestartLauncher.run(RestartLauncher.java:50) ~[spring-boot-devtools-3.5.6.jar:3.5.6]
Caused by: org.springframework.beans.factory.BeanCreationException: Error creating bean with name 'exService' defined in file [C:\jihyeon\s09_springboot\ex-ch03\bin\main\com\example\demo\service\ExService.class]: Failed to instantiate [com.example.demo.service.ExService]: Constructor threw exception
	at org.springframework.beans.factory.support.AbstractAutowireCapableBeanFactory.instantiateBean(AbstractAutowireCapableBeanFactory.java:1357) ~[spring-beans-6.2.11.jar:6.2.11]
	at org.springframework.beans.factory.support.AbstractAutowireCapableBeanFactory.createBeanInstance(AbstractAutowireCapableBeanFactory.java:1242) ~[spring-beans-6.2.11.jar:6.2.11]
	at org.springframework.beans.factory.support.AbstractAutowireCapableBeanFactory.doCreateBean(AbstractAutowireCapableBeanFactory.java:569) ~[spring-beans-6.2.11.jar:6.2.11]
	at org.springframework.beans.factory.support.AbstractAutowireCapableBeanFactory.createBean(AbstractAutowireCapableBeanFactory.java:529) ~[spring-beans-6.2.11.jar:6.2.11]
	at org.springframework.beans.factory.support.AbstractBeanFactory.lambda$doGetBean$0(AbstractBeanFactory.java:339) ~[spring-beans-6.2.11.jar:6.2.11]
	at org.springframework.beans.factory.support.DefaultSingletonBeanRegistry.getSingleton(DefaultSingletonBeanRegistry.java:373) ~[spring-beans-6.2.11.jar:6.2.11]
	at org.springframework.beans.factory.support.AbstractBeanFactory.doGetBean(AbstractBeanFactory.java:337) ~[spring-beans-6.2.11.jar:6.2.11]
	at org.springframework.beans.factory.support.AbstractBeanFactory.getBean(AbstractBeanFactory.java:202) ~[spring-beans-6.2.11.jar:6.2.11]
	at org.springframework.beans.factory.support.DefaultListableBeanFactory.doResolveDependency(DefaultListableBeanFactory.java:1698) ~[spring-beans-6.2.11.jar:6.2.11]
	at org.springframework.beans.factory.support.DefaultListableBeanFactory.resolveDependency(DefaultListableBeanFactory.java:1643) ~[spring-beans-6.2.11.jar:6.2.11]
	at org.springframework.beans.factory.support.ConstructorResolver.resolveAutowiredArgument(ConstructorResolver.java:913) ~[spring-beans-6.2.11.jar:6.2.11]
	at org.springframework.beans.factory.support.ConstructorResolver.createArgumentArray(ConstructorResolver.java:791) ~[spring-beans-6.2.11.jar:6.2.11]
	... 24 common frames omitted
Caused by: org.springframework.beans.BeanInstantiationException: Failed to instantiate [com.example.demo.service.ExService]: Constructor threw exception
	at org.springframework.beans.BeanUtils.instantiateClass(BeanUtils.java:223) ~[spring-beans-6.2.11.jar:6.2.11]
	at org.springframework.beans.factory.support.SimpleInstantiationStrategy.instantiate(SimpleInstantiationStrategy.java:123) ~[spring-beans-6.2.11.jar:6.2.11]
	at org.springframework.beans.factory.support.AbstractAutowireCapableBeanFactory.instantiateBean(AbstractAutowireCapableBeanFactory.java:1351) ~[spring-beans-6.2.11.jar:6.2.11]
	... 35 common frames omitted
Caused by: java.lang.Error: Unresolved compilation problem: 
	Local variable result defined in an enclosing scope must be final or effectively final

	at com.example.demo.service.ExService.<init>(ExService.java:311) ~[main/:na]
	at java.base/jdk.internal.reflect.DirectConstructorHandleAccessor.newInstance(DirectConstructorHandleAccessor.java:62) ~[na:na]
	at java.base/java.lang.reflect.Constructor.newInstanceWithCaller(Constructor.java:502) ~[na:na]
	at java.base/java.lang.reflect.Constructor.newInstance(Constructor.java:486) ~[na:na]
	at org.springframework.beans.BeanUtils.instantiateClass(BeanUtils.java:197) ~[spring-beans-6.2.11.jar:6.2.11]
	... 37 common frames omitted

2025-10-20T17:20:24.872+09:00  INFO 12664 --- [ch03] [restartedMain] com.example.demo.Ch03Application         : Starting Ch03Application using Java 21.0.8 with PID 12664 (C:\jihyeon\s09_springboot\ex-ch03\bin\main started by YONSAI in C:\jihyeon\s09_springboot\ex-ch03)
2025-10-20T17:20:24.873+09:00  INFO 12664 --- [ch03] [restartedMain] com.example.demo.Ch03Application         : No active profile set, falling back to 1 default profile: "default"
2025-10-20T17:20:24.899+09:00  INFO 12664 --- [ch03] [restartedMain] .e.DevToolsPropertyDefaultsPostProcessor : Devtools property defaults active! Set 'spring.devtools.add-properties' to 'false' to disable
2025-10-20T17:20:24.899+09:00  INFO 12664 --- [ch03] [restartedMain] .e.DevToolsPropertyDefaultsPostProcessor : For additional web related logging consider setting the 'logging.level.web' property to 'DEBUG'
2025-10-20T17:20:25.454+09:00  INFO 12664 --- [ch03] [restartedMain] o.s.b.w.embedded.tomcat.TomcatWebServer  : Tomcat initialized with port 8090 (http)
2025-10-20T17:20:25.463+09:00  INFO 12664 --- [ch03] [restartedMain] o.apache.catalina.core.StandardService   : Starting service [Tomcat]
2025-10-20T17:20:25.463+09:00  INFO 12664 --- [ch03] [restartedMain] o.apache.catalina.core.StandardEngine    : Starting Servlet engine: [Apache Tomcat/10.1.46]
2025-10-20T17:20:25.487+09:00  INFO 12664 --- [ch03] [restartedMain] o.a.c.c.C.[Tomcat].[localhost].[/]       : Initializing Spring embedded WebApplicationContext
2025-10-20T17:20:25.487+09:00  INFO 12664 --- [ch03] [restartedMain] w.s.c.ServletWebServerApplicationContext : Root WebApplicationContext: initialization completed in 588 ms
2025-10-20T17:20:25.554+09:00  INFO 12664 --- [ch03] [restartedMain] o.s.b.a.w.s.WelcomePageHandlerMapping    : Adding welcome page: class path resource [static/index.html]
2025-10-20T17:20:25.712+09:00  INFO 12664 --- [ch03] [restartedMain] o.s.b.d.a.OptionalLiveReloadServer       : LiveReload server is running on port 35729
2025-10-20T17:20:25.731+09:00  INFO 12664 --- [ch03] [restartedMain] o.s.b.w.embedded.tomcat.TomcatWebServer  : Tomcat started on port 8090 (http) with context path '/'
2025-10-20T17:20:25.736+09:00  INFO 12664 --- [ch03] [restartedMain] com.example.demo.Ch03Application         : Started Ch03Application in 1.122 seconds (process running for 1.51)
2025-10-20T17:20:30.805+09:00  INFO 12664 --- [ch03] [http-nio-8090-exec-1] o.a.c.c.C.[Tomcat].[localhost].[/]       : Initializing Spring DispatcherServlet 'dispatcherServlet'
2025-10-20T17:20:30.805+09:00  INFO 12664 --- [ch03] [http-nio-8090-exec-1] o.s.web.servlet.DispatcherServlet        : Initializing Servlet 'dispatcherServlet'
2025-10-20T17:20:30.805+09:00  INFO 12664 --- [ch03] [http-nio-8090-exec-1] o.s.web.servlet.DispatcherServlet        : Completed initialization in 0 ms
2025-10-22T04:22:02.768+09:00  INFO 5124 --- [ch03] [restartedMain] com.example.demo.CalculatorApplication   : Starting CalculatorApplication using Java 21.0.8 with PID 5124 (C:\a_jihyeon\s09_springboot\ch03\bin\main started by CJH in C:\a_jihyeon\s09_springboot\ch03)
2025-10-22T04:22:02.771+09:00  INFO 5124 --- [ch03] [restartedMain] com.example.demo.CalculatorApplication   : No active profile set, falling back to 1 default profile: "default"
2025-10-22T04:22:02.869+09:00  INFO 5124 --- [ch03] [restartedMain] .e.DevToolsPropertyDefaultsPostProcessor : Devtools property defaults active! Set 'spring.devtools.add-properties' to 'false' to disable
2025-10-22T04:22:02.869+09:00  INFO 5124 --- [ch03] [restartedMain] .e.DevToolsPropertyDefaultsPostProcessor : For additional web related logging consider setting the 'logging.level.web' property to 'DEBUG'
2025-10-22T04:22:04.356+09:00  WARN 5124 --- [ch03] [restartedMain] o.m.s.mapper.ClassPathMapperScanner      : No MyBatis mapper was found in '[com.example.demo]' package. Please check your configuration.
2025-10-22T04:22:05.001+09:00  INFO 5124 --- [ch03] [restartedMain] o.s.b.w.embedded.tomcat.TomcatWebServer  : Tomcat initialized with port 8090 (http)
2025-10-22T04:22:05.026+09:00  INFO 5124 --- [ch03] [restartedMain] o.apache.catalina.core.StandardService   : Starting service [Tomcat]
2025-10-22T04:22:05.026+09:00  INFO 5124 --- [ch03] [restartedMain] o.apache.catalina.core.StandardEngine    : Starting Servlet engine: [Apache Tomcat/10.1.46]
2025-10-22T04:22:05.120+09:00  INFO 5124 --- [ch03] [restartedMain] o.a.c.c.C.[Tomcat].[localhost].[/]       : Initializing Spring embedded WebApplicationContext
2025-10-22T04:22:05.120+09:00  INFO 5124 --- [ch03] [restartedMain] w.s.c.ServletWebServerApplicationContext : Root WebApplicationContext: initialization completed in 2249 ms
2025-10-22T04:22:05.312+09:00  INFO 5124 --- [ch03] [restartedMain] o.s.b.a.w.s.WelcomePageHandlerMapping    : Adding welcome page: class path resource [static/index.html]
2025-10-22T04:22:05.710+09:00  WARN 5124 --- [ch03] [restartedMain] ConfigServletWebServerApplicationContext : Exception encountered during context initialization - cancelling refresh attempt: org.springframework.beans.factory.BeanCreationException: Error creating bean with name 'dataSource' defined in class path resource [org/springframework/boot/autoconfigure/jdbc/DataSourceConfiguration$Hikari.class]: Failed to instantiate [com.zaxxer.hikari.HikariDataSource]: Factory method 'dataSource' threw exception with message: Failed to determine a suitable driver class
2025-10-22T04:22:05.714+09:00  INFO 5124 --- [ch03] [restartedMain] o.apache.catalina.core.StandardService   : Stopping service [Tomcat]
2025-10-22T04:22:05.741+09:00  INFO 5124 --- [ch03] [restartedMain] .s.b.a.l.ConditionEvaluationReportLogger : 

Error starting ApplicationContext. To display the condition evaluation report re-run your application with 'debug' enabled.
2025-10-22T04:22:05.777+09:00 ERROR 5124 --- [ch03] [restartedMain] o.s.b.d.LoggingFailureAnalysisReporter   : 

***************************
APPLICATION FAILED TO START
***************************

Description:

Failed to configure a DataSource: 'url' attribute is not specified and no embedded datasource could be configured.

Reason: Failed to determine a suitable driver class


Action:

Consider the following:
	If you want an embedded database (H2, HSQL or Derby), please put it on the classpath.
	If you have database settings to be loaded from a particular profile you may need to activate it (no profiles are currently active).

2025-10-22T04:22:14.704+09:00  INFO 24220 --- [ch03] [restartedMain] com.example.demo.CalculatorApplication   : Starting CalculatorApplication using Java 21.0.8 with PID 24220 (C:\a_jihyeon\s09_springboot\ch03\bin\main started by CJH in C:\a_jihyeon\s09_springboot\ch03)
2025-10-22T04:22:14.708+09:00  INFO 24220 --- [ch03] [restartedMain] com.example.demo.CalculatorApplication   : No active profile set, falling back to 1 default profile: "default"
2025-10-22T04:22:14.776+09:00  INFO 24220 --- [ch03] [restartedMain] .e.DevToolsPropertyDefaultsPostProcessor : Devtools property defaults active! Set 'spring.devtools.add-properties' to 'false' to disable
2025-10-22T04:22:14.776+09:00  INFO 24220 --- [ch03] [restartedMain] .e.DevToolsPropertyDefaultsPostProcessor : For additional web related logging consider setting the 'logging.level.web' property to 'DEBUG'
2025-10-22T04:22:15.974+09:00  WARN 24220 --- [ch03] [restartedMain] o.m.s.mapper.ClassPathMapperScanner      : No MyBatis mapper was found in '[com.example.demo]' package. Please check your configuration.
2025-10-22T04:22:16.537+09:00  INFO 24220 --- [ch03] [restartedMain] o.s.b.w.embedded.tomcat.TomcatWebServer  : Tomcat initialized with port 8090 (http)
2025-10-22T04:22:16.561+09:00  INFO 24220 --- [ch03] [restartedMain] o.apache.catalina.core.StandardService   : Starting service [Tomcat]
2025-10-22T04:22:16.561+09:00  INFO 24220 --- [ch03] [restartedMain] o.apache.catalina.core.StandardEngine    : Starting Servlet engine: [Apache Tomcat/10.1.46]
2025-10-22T04:22:16.648+09:00  INFO 24220 --- [ch03] [restartedMain] o.a.c.c.C.[Tomcat].[localhost].[/]       : Initializing Spring embedded WebApplicationContext
2025-10-22T04:22:16.648+09:00  INFO 24220 --- [ch03] [restartedMain] w.s.c.ServletWebServerApplicationContext : Root WebApplicationContext: initialization completed in 1871 ms
2025-10-22T04:22:16.828+09:00  INFO 24220 --- [ch03] [restartedMain] o.s.b.a.w.s.WelcomePageHandlerMapping    : Adding welcome page: class path resource [static/index.html]
2025-10-22T04:22:17.219+09:00  WARN 24220 --- [ch03] [restartedMain] ConfigServletWebServerApplicationContext : Exception encountered during context initialization - cancelling refresh attempt: org.springframework.beans.factory.BeanCreationException: Error creating bean with name 'dataSource' defined in class path resource [org/springframework/boot/autoconfigure/jdbc/DataSourceConfiguration$Hikari.class]: Failed to instantiate [com.zaxxer.hikari.HikariDataSource]: Factory method 'dataSource' threw exception with message: Failed to determine a suitable driver class
2025-10-22T04:22:17.224+09:00  INFO 24220 --- [ch03] [restartedMain] o.apache.catalina.core.StandardService   : Stopping service [Tomcat]
2025-10-22T04:22:17.249+09:00  INFO 24220 --- [ch03] [restartedMain] .s.b.a.l.ConditionEvaluationReportLogger : 

Error starting ApplicationContext. To display the condition evaluation report re-run your application with 'debug' enabled.
2025-10-22T04:22:17.283+09:00 ERROR 24220 --- [ch03] [restartedMain] o.s.b.d.LoggingFailureAnalysisReporter   : 

***************************
APPLICATION FAILED TO START
***************************

Description:

Failed to configure a DataSource: 'url' attribute is not specified and no embedded datasource could be configured.

Reason: Failed to determine a suitable driver class


Action:

Consider the following:
	If you want an embedded database (H2, HSQL or Derby), please put it on the classpath.
	If you have database settings to be loaded from a particular profile you may need to activate it (no profiles are currently active).

2025-10-22T04:24:01.744+09:00  INFO 14504 --- [ch03] [restartedMain] com.example.demo.CalculatorApplication   : Starting CalculatorApplication using Java 21.0.8 with PID 14504 (C:\a_jihyeon\s09_springboot\ch03\bin\main started by CJH in C:\a_jihyeon\s09_springboot\ch03)
2025-10-22T04:24:01.748+09:00  INFO 14504 --- [ch03] [restartedMain] com.example.demo.CalculatorApplication   : No active profile set, falling back to 1 default profile: "default"
2025-10-22T04:24:01.815+09:00  INFO 14504 --- [ch03] [restartedMain] .e.DevToolsPropertyDefaultsPostProcessor : Devtools property defaults active! Set 'spring.devtools.add-properties' to 'false' to disable
2025-10-22T04:24:01.815+09:00  INFO 14504 --- [ch03] [restartedMain] .e.DevToolsPropertyDefaultsPostProcessor : For additional web related logging consider setting the 'logging.level.web' property to 'DEBUG'
2025-10-22T04:24:03.040+09:00  WARN 14504 --- [ch03] [restartedMain] o.m.s.mapper.ClassPathMapperScanner      : No MyBatis mapper was found in '[com.example.demo]' package. Please check your configuration.
2025-10-22T04:24:03.625+09:00  INFO 14504 --- [ch03] [restartedMain] o.s.b.w.embedded.tomcat.TomcatWebServer  : Tomcat initialized with port 8090 (http)
2025-10-22T04:24:03.650+09:00  INFO 14504 --- [ch03] [restartedMain] o.apache.catalina.core.StandardService   : Starting service [Tomcat]
2025-10-22T04:24:03.651+09:00  INFO 14504 --- [ch03] [restartedMain] o.apache.catalina.core.StandardEngine    : Starting Servlet engine: [Apache Tomcat/10.1.46]
2025-10-22T04:24:03.743+09:00  INFO 14504 --- [ch03] [restartedMain] o.a.c.c.C.[Tomcat].[localhost].[/]       : Initializing Spring embedded WebApplicationContext
2025-10-22T04:24:03.744+09:00  INFO 14504 --- [ch03] [restartedMain] w.s.c.ServletWebServerApplicationContext : Root WebApplicationContext: initialization completed in 1928 ms
2025-10-22T04:24:03.922+09:00  INFO 14504 --- [ch03] [restartedMain] o.s.b.a.w.s.WelcomePageHandlerMapping    : Adding welcome page: class path resource [static/index.html]
2025-10-22T04:24:04.781+09:00  INFO 14504 --- [ch03] [restartedMain] o.s.b.d.a.OptionalLiveReloadServer       : LiveReload server is running on port 35729
2025-10-22T04:24:04.871+09:00  INFO 14504 --- [ch03] [restartedMain] o.s.b.w.embedded.tomcat.TomcatWebServer  : Tomcat started on port 8090 (http) with context path '/'
2025-10-22T04:24:04.894+09:00  INFO 14504 --- [ch03] [restartedMain] com.example.demo.CalculatorApplication   : Started CalculatorApplication in 3.83 seconds (process running for 5.005)
2025-10-22T04:24:07.005+09:00  INFO 14504 --- [ch03] [http-nio-8090-exec-1] o.a.c.c.C.[Tomcat].[localhost].[/]       : Initializing Spring DispatcherServlet 'dispatcherServlet'
2025-10-22T04:24:07.005+09:00  INFO 14504 --- [ch03] [http-nio-8090-exec-1] o.s.web.servlet.DispatcherServlet        : Initializing Servlet 'dispatcherServlet'
2025-10-22T04:24:07.007+09:00  INFO 14504 --- [ch03] [http-nio-8090-exec-1] o.s.web.servlet.DispatcherServlet        : Completed initialization in 1 ms
2025-10-22T04:26:41.539+09:00  INFO 14504 --- [ch03] [RMI TCP Connection(13)-127.0.0.1] inMXBeanRegistrar$SpringApplicationAdmin : Application shutdown requested.
2025-10-22T04:26:41.560+09:00  INFO 14504 --- [ch03] [RMI TCP Connection(13)-127.0.0.1] o.s.b.w.e.tomcat.GracefulShutdown        : Commencing graceful shutdown. Waiting for active requests to complete
2025-10-22T04:26:41.568+09:00  INFO 14504 --- [ch03] [File Watcher] rtingClassPathChangeChangedEventListener : Restarting due to 1 class path change (0 additions, 0 deletions, 1 modification)
2025-10-22T04:26:41.590+09:00  INFO 14504 --- [ch03] [tomcat-shutdown] o.s.b.w.e.tomcat.GracefulShutdown        : Graceful shutdown aborted with one or more requests still active
2025-10-22T04:26:41.576+09:00  WARN 14504 --- [ch03] [RMI TCP Connection(13)-127.0.0.1] org.apache.tomcat.util.net.Acceptor      : Interrupt was received while waiting for the acceptor thread [http-nio-8090-Acceptor] to stop

java.lang.InterruptedException: null
	at java.base/java.util.concurrent.locks.AbstractQueuedSynchronizer.tryAcquireSharedNanos(AbstractQueuedSynchronizer.java:1133) ~[na:na]
	at java.base/java.util.concurrent.CountDownLatch.await(CountDownLatch.java:276) ~[na:na]
	at org.apache.tomcat.util.net.Acceptor.stopMillis(Acceptor.java:183) ~[tomcat-embed-core-10.1.46.jar:10.1.46]
	at org.apache.tomcat.util.net.NioEndpoint.stopInternal(NioEndpoint.java:328) ~[tomcat-embed-core-10.1.46.jar:10.1.46]
	at org.apache.tomcat.util.net.AbstractEndpoint.stop(AbstractEndpoint.java:1524) ~[tomcat-embed-core-10.1.46.jar:10.1.46]
	at org.apache.coyote.AbstractProtocol.stop(AbstractProtocol.java:721) ~[tomcat-embed-core-10.1.46.jar:10.1.46]
	at org.apache.catalina.connector.Connector.stopInternal(Connector.java:1123) ~[tomcat-embed-core-10.1.46.jar:10.1.46]
	at org.apache.catalina.util.LifecycleBase.stop(LifecycleBase.java:235) ~[tomcat-embed-core-10.1.46.jar:10.1.46]
	at org.apache.catalina.core.StandardService.removeConnector(StandardService.java:299) ~[tomcat-embed-core-10.1.46.jar:10.1.46]
	at org.springframework.boot.web.embedded.tomcat.TomcatWebServer.lambda$removeServiceConnectors$1(TomcatWebServer.java:173) ~[spring-boot-3.5.6.jar:3.5.6]
	at org.springframework.boot.web.embedded.tomcat.TomcatWebServer.doWithConnectors(TomcatWebServer.java:192) ~[spring-boot-3.5.6.jar:3.5.6]
	at org.springframework.boot.web.embedded.tomcat.TomcatWebServer.removeServiceConnectors(TomcatWebServer.java:170) ~[spring-boot-3.5.6.jar:3.5.6]
	at org.springframework.boot.web.embedded.tomcat.TomcatWebServer.stop(TomcatWebServer.java:358) ~[spring-boot-3.5.6.jar:3.5.6]
	at org.springframework.boot.web.servlet.context.WebServerStartStopLifecycle.stop(WebServerStartStopLifecycle.java:53) ~[spring-boot-3.5.6.jar:3.5.6]
	at org.springframework.context.SmartLifecycle.stop(SmartLifecycle.java:120) ~[spring-context-6.2.11.jar:6.2.11]
	at org.springframework.context.support.DefaultLifecycleProcessor.doStop(DefaultLifecycleProcessor.java:463) ~[spring-context-6.2.11.jar:6.2.11]
	at org.springframework.context.support.DefaultLifecycleProcessor$LifecycleGroup.stop(DefaultLifecycleProcessor.java:618) ~[spring-context-6.2.11.jar:6.2.11]
	at java.base/java.lang.Iterable.forEach(Iterable.java:75) ~[na:na]
	at org.springframework.context.support.DefaultLifecycleProcessor.stopBeans(DefaultLifecycleProcessor.java:432) ~[spring-context-6.2.11.jar:6.2.11]
	at org.springframework.context.support.DefaultLifecycleProcessor.onClose(DefaultLifecycleProcessor.java:323) ~[spring-context-6.2.11.jar:6.2.11]
	at org.springframework.context.support.AbstractApplicationContext.doClose(AbstractApplicationContext.java:1172) ~[spring-context-6.2.11.jar:6.2.11]
	at org.springframework.boot.web.servlet.context.ServletWebServerApplicationContext.doClose(ServletWebServerApplicationContext.java:179) ~[spring-boot-3.5.6.jar:3.5.6]
	at org.springframework.context.support.AbstractApplicationContext.close(AbstractApplicationContext.java:1126) ~[spring-context-6.2.11.jar:6.2.11]
	at org.springframework.boot.admin.SpringApplicationAdminMXBeanRegistrar$SpringApplicationAdmin.shutdown(SpringApplicationAdminMXBeanRegistrar.java:160) ~[spring-boot-3.5.6.jar:3.5.6]
	at java.base/jdk.internal.reflect.DirectMethodHandleAccessor.invoke(DirectMethodHandleAccessor.java:103) ~[na:na]
	at java.base/java.lang.reflect.Method.invoke(Method.java:580) ~[na:na]
	at sun.reflect.misc.Trampoline.invoke(MethodUtil.java:64) ~[na:na]
	at java.base/jdk.internal.reflect.DirectMethodHandleAccessor.invoke(DirectMethodHandleAccessor.java:103) ~[na:na]
	at java.base/java.lang.reflect.Method.invoke(Method.java:580) ~[na:na]
	at java.base/sun.reflect.misc.MethodUtil.invoke(MethodUtil.java:97) ~[na:na]
	at java.management/com.sun.jmx.mbeanserver.ConvertingMethod.invokeWithOpenReturn(ConvertingMethod.java:193) ~[na:na]
	at java.management/com.sun.jmx.mbeanserver.ConvertingMethod.invokeWithOpenReturn(ConvertingMethod.java:175) ~[na:na]
	at java.management/com.sun.jmx.mbeanserver.MXBeanIntrospector.invokeM2(MXBeanIntrospector.java:115) ~[na:na]
	at java.management/com.sun.jmx.mbeanserver.MXBeanIntrospector.invokeM2(MXBeanIntrospector.java:52) ~[na:na]
	at java.management/com.sun.jmx.mbeanserver.MBeanIntrospector.invokeM(MBeanIntrospector.java:236) ~[na:na]
	at java.management/com.sun.jmx.mbeanserver.PerInterface.invoke(PerInterface.java:138) ~[na:na]
	at java.management/com.sun.jmx.mbeanserver.MBeanSupport.invoke(MBeanSupport.java:252) ~[na:na]
	at java.management/com.sun.jmx.interceptor.DefaultMBeanServerInterceptor.invoke(DefaultMBeanServerInterceptor.java:803) ~[na:na]
	at java.management/com.sun.jmx.mbeanserver.JmxMBeanServer.invoke(JmxMBeanServer.java:802) ~[na:na]
	at java.management.rmi/javax.management.remote.rmi.RMIConnectionImpl.doOperation(RMIConnectionImpl.java:1472) ~[na:na]
	at java.management.rmi/javax.management.remote.rmi.RMIConnectionImpl$PrivilegedOperation.run(RMIConnectionImpl.java:1310) ~[na:na]
	at java.management.rmi/javax.management.remote.rmi.RMIConnectionImpl.doPrivilegedOperation(RMIConnectionImpl.java:1405) ~[na:na]
	at java.management.rmi/javax.management.remote.rmi.RMIConnectionImpl.invoke(RMIConnectionImpl.java:829) ~[na:na]
	at java.base/jdk.internal.reflect.DirectMethodHandleAccessor.invoke(DirectMethodHandleAccessor.java:103) ~[na:na]
	at java.base/java.lang.reflect.Method.invoke(Method.java:580) ~[na:na]
	at java.rmi/sun.rmi.server.UnicastServerRef.dispatch(UnicastServerRef.java:360) ~[na:na]
	at java.rmi/sun.rmi.transport.Transport$1.run(Transport.java:200) ~[na:na]
	at java.rmi/sun.rmi.transport.Transport$1.run(Transport.java:197) ~[na:na]
	at java.base/java.security.AccessController.doPrivileged(AccessController.java:714) ~[na:na]
	at java.rmi/sun.rmi.transport.Transport.serviceCall(Transport.java:196) ~[na:na]
	at java.rmi/sun.rmi.transport.tcp.TCPTransport.handleMessages(TCPTransport.java:598) ~[na:na]
	at java.rmi/sun.rmi.transport.tcp.TCPTransport$ConnectionHandler.run0(TCPTransport.java:844) ~[na:na]
	at java.rmi/sun.rmi.transport.tcp.TCPTransport$ConnectionHandler.lambda$run$0(TCPTransport.java:721) ~[na:na]
	at java.base/java.security.AccessController.doPrivileged(AccessController.java:400) ~[na:na]
	at java.rmi/sun.rmi.transport.tcp.TCPTransport$ConnectionHandler.run(TCPTransport.java:720) ~[na:na]
	at java.base/java.util.concurrent.ThreadPoolExecutor.runWorker(ThreadPoolExecutor.java:1144) ~[na:na]
	at java.base/java.util.concurrent.ThreadPoolExecutor$Worker.run(ThreadPoolExecutor.java:642) ~[na:na]
	at java.base/java.lang.Thread.run(Thread.java:1583) ~[na:na]

2025-10-22T04:26:41.782+09:00  INFO 14504 --- [ch03] [restartedMain] com.example.demo.CalculatorApplication   : Starting CalculatorApplication using Java 21.0.8 with PID 14504 (C:\a_jihyeon\s09_springboot\ch03\bin\main started by CJH in C:\a_jihyeon\s09_springboot\ch03)
2025-10-22T04:26:41.783+09:00  INFO 14504 --- [ch03] [restartedMain] com.example.demo.CalculatorApplication   : No active profile set, falling back to 1 default profile: "default"
2025-10-22T04:26:42.295+09:00  WARN 14504 --- [ch03] [restartedMain] o.m.s.mapper.ClassPathMapperScanner      : No MyBatis mapper was found in '[com.example.demo]' package. Please check your configuration.
2025-10-22T04:26:42.394+09:00  INFO 14504 --- [ch03] [restartedMain] o.s.b.w.embedded.tomcat.TomcatWebServer  : Tomcat initialized with port 8090 (http)
2025-10-22T04:26:42.397+09:00  INFO 14504 --- [ch03] [restartedMain] o.apache.catalina.core.StandardService   : Starting service [Tomcat]
2025-10-22T04:26:42.398+09:00  INFO 14504 --- [ch03] [restartedMain] o.apache.catalina.core.StandardEngine    : Starting Servlet engine: [Apache Tomcat/10.1.46]
2025-10-22T04:26:42.445+09:00  INFO 14504 --- [ch03] [restartedMain] o.a.c.c.C.[Tomcat].[localhost].[/]       : Initializing Spring embedded WebApplicationContext
2025-10-22T04:26:42.445+09:00  INFO 14504 --- [ch03] [restartedMain] w.s.c.ServletWebServerApplicationContext : Root WebApplicationContext: initialization completed in 655 ms
2025-10-22T04:26:42.486+09:00  WARN 14504 --- [ch03] [restartedMain] ConfigServletWebServerApplicationContext : Exception encountered during context initialization - cancelling refresh attempt: org.springframework.beans.factory.UnsatisfiedDependencyException: Error creating bean with name 'studentRestController' defined in file [C:\a_jihyeon\s09_springboot\ch03\bin\main\com\cjh\mybatis\controller\StudentRestController.class]: Unsatisfied dependency expressed through constructor parameter 0: Error creating bean with name 'studentService' defined in file [C:\a_jihyeon\s09_springboot\ch03\bin\main\com\cjh\mybatis\service\StudentService.class]: Unsatisfied dependency expressed through constructor parameter 0: No qualifying bean of type 'com.cjh.mybatis.mapper.StudentMapper' available: expected at least 1 bean which qualifies as autowire candidate. Dependency annotations: {}
2025-10-22T04:26:42.487+09:00  INFO 14504 --- [ch03] [restartedMain] o.apache.catalina.core.StandardService   : Stopping service [Tomcat]
2025-10-22T04:26:42.494+09:00  INFO 14504 --- [ch03] [restartedMain] .s.b.a.l.ConditionEvaluationReportLogger : 

Error starting ApplicationContext. To display the condition evaluation report re-run your application with 'debug' enabled.
2025-10-22T04:26:42.533+09:00 ERROR 14504 --- [ch03] [restartedMain] o.s.b.d.LoggingFailureAnalysisReporter   : 

***************************
APPLICATION FAILED TO START
***************************

Description:

Parameter 0 of constructor in com.cjh.mybatis.service.StudentService required a bean of type 'com.cjh.mybatis.mapper.StudentMapper' that could not be found.


Action:

Consider defining a bean of type 'com.cjh.mybatis.mapper.StudentMapper' in your configuration.

2025-10-22T04:26:59.518+09:00  INFO 21740 --- [ch03] [restartedMain] com.example.demo.CalculatorApplication   : Starting CalculatorApplication using Java 21.0.8 with PID 21740 (C:\a_jihyeon\s09_springboot\ch03\bin\main started by CJH in C:\a_jihyeon\s09_springboot\ch03)
2025-10-22T04:26:59.521+09:00  INFO 21740 --- [ch03] [restartedMain] com.example.demo.CalculatorApplication   : No active profile set, falling back to 1 default profile: "default"
2025-10-22T04:26:59.589+09:00  INFO 21740 --- [ch03] [restartedMain] .e.DevToolsPropertyDefaultsPostProcessor : Devtools property defaults active! Set 'spring.devtools.add-properties' to 'false' to disable
2025-10-22T04:26:59.590+09:00  INFO 21740 --- [ch03] [restartedMain] .e.DevToolsPropertyDefaultsPostProcessor : For additional web related logging consider setting the 'logging.level.web' property to 'DEBUG'
2025-10-22T04:27:00.882+09:00  WARN 21740 --- [ch03] [restartedMain] o.m.s.mapper.ClassPathMapperScanner      : No MyBatis mapper was found in '[com.example.demo]' package. Please check your configuration.
2025-10-22T04:27:01.464+09:00  INFO 21740 --- [ch03] [restartedMain] o.s.b.w.embedded.tomcat.TomcatWebServer  : Tomcat initialized with port 8090 (http)
2025-10-22T04:27:01.490+09:00  INFO 21740 --- [ch03] [restartedMain] o.apache.catalina.core.StandardService   : Starting service [Tomcat]
2025-10-22T04:27:01.491+09:00  INFO 21740 --- [ch03] [restartedMain] o.apache.catalina.core.StandardEngine    : Starting Servlet engine: [Apache Tomcat/10.1.46]
2025-10-22T04:27:01.589+09:00  INFO 21740 --- [ch03] [restartedMain] o.a.c.c.C.[Tomcat].[localhost].[/]       : Initializing Spring embedded WebApplicationContext
2025-10-22T04:27:01.590+09:00  INFO 21740 --- [ch03] [restartedMain] w.s.c.ServletWebServerApplicationContext : Root WebApplicationContext: initialization completed in 1999 ms
2025-10-22T04:27:01.711+09:00  WARN 21740 --- [ch03] [restartedMain] ConfigServletWebServerApplicationContext : Exception encountered during context initialization - cancelling refresh attempt: org.springframework.beans.factory.UnsatisfiedDependencyException: Error creating bean with name 'studentRestController' defined in file [C:\a_jihyeon\s09_springboot\ch03\bin\main\com\cjh\mybatis\controller\StudentRestController.class]: Unsatisfied dependency expressed through constructor parameter 0: Error creating bean with name 'studentService' defined in file [C:\a_jihyeon\s09_springboot\ch03\bin\main\com\cjh\mybatis\service\StudentService.class]: Unsatisfied dependency expressed through constructor parameter 0: No qualifying bean of type 'com.cjh.mybatis.mapper.StudentMapper' available: expected at least 1 bean which qualifies as autowire candidate. Dependency annotations: {}
2025-10-22T04:27:01.715+09:00  INFO 21740 --- [ch03] [restartedMain] o.apache.catalina.core.StandardService   : Stopping service [Tomcat]
2025-10-22T04:27:01.741+09:00  INFO 21740 --- [ch03] [restartedMain] .s.b.a.l.ConditionEvaluationReportLogger : 

Error starting ApplicationContext. To display the condition evaluation report re-run your application with 'debug' enabled.
2025-10-22T04:27:01.785+09:00 ERROR 21740 --- [ch03] [restartedMain] o.s.b.d.LoggingFailureAnalysisReporter   : 

***************************
APPLICATION FAILED TO START
***************************

Description:

Parameter 0 of constructor in com.cjh.mybatis.service.StudentService required a bean of type 'com.cjh.mybatis.mapper.StudentMapper' that could not be found.


Action:

Consider defining a bean of type 'com.cjh.mybatis.mapper.StudentMapper' in your configuration.

2025-10-22T04:31:07.013+09:00  INFO 11380 --- [ch03] [restartedMain] com.example.demo.CalculatorApplication   : Starting CalculatorApplication using Java 21.0.8 with PID 11380 (C:\a_jihyeon\s09_springboot\ch03\bin\main started by CJH in C:\a_jihyeon\s09_springboot\ch03)
2025-10-22T04:31:07.017+09:00  INFO 11380 --- [ch03] [restartedMain] com.example.demo.CalculatorApplication   : No active profile set, falling back to 1 default profile: "default"
2025-10-22T04:31:07.097+09:00  INFO 11380 --- [ch03] [restartedMain] .e.DevToolsPropertyDefaultsPostProcessor : Devtools property defaults active! Set 'spring.devtools.add-properties' to 'false' to disable
2025-10-22T04:31:07.098+09:00  INFO 11380 --- [ch03] [restartedMain] .e.DevToolsPropertyDefaultsPostProcessor : For additional web related logging consider setting the 'logging.level.web' property to 'DEBUG'
2025-10-22T04:31:08.850+09:00  WARN 11380 --- [ch03] [restartedMain] o.m.s.mapper.ClassPathMapperScanner      : No MyBatis mapper was found in '[com.example.demo]' package. Please check your configuration.
2025-10-22T04:31:09.468+09:00  INFO 11380 --- [ch03] [restartedMain] o.s.b.w.embedded.tomcat.TomcatWebServer  : Tomcat initialized with port 8090 (http)
2025-10-22T04:31:09.494+09:00  INFO 11380 --- [ch03] [restartedMain] o.apache.catalina.core.StandardService   : Starting service [Tomcat]
2025-10-22T04:31:09.495+09:00  INFO 11380 --- [ch03] [restartedMain] o.apache.catalina.core.StandardEngine    : Starting Servlet engine: [Apache Tomcat/10.1.46]
2025-10-22T04:31:09.593+09:00  INFO 11380 --- [ch03] [restartedMain] o.a.c.c.C.[Tomcat].[localhost].[/]       : Initializing Spring embedded WebApplicationContext
2025-10-22T04:31:09.594+09:00  INFO 11380 --- [ch03] [restartedMain] w.s.c.ServletWebServerApplicationContext : Root WebApplicationContext: initialization completed in 2494 ms
2025-10-22T04:31:09.698+09:00  WARN 11380 --- [ch03] [restartedMain] ConfigServletWebServerApplicationContext : Exception encountered during context initialization - cancelling refresh attempt: org.springframework.beans.factory.BeanCreationException: Error creating bean with name 'ch03Application' defined in file [C:\a_jihyeon\s09_springboot\ch03\bin\main\com\example\demo\Ch03Application.class]: Failed to instantiate [com.example.demo.Ch03Application$$SpringCGLIB$$0]: Constructor threw exception
2025-10-22T04:31:09.703+09:00  INFO 11380 --- [ch03] [restartedMain] o.apache.catalina.core.StandardService   : Stopping service [Tomcat]
2025-10-22T04:31:09.730+09:00  INFO 11380 --- [ch03] [restartedMain] .s.b.a.l.ConditionEvaluationReportLogger : 

Error starting ApplicationContext. To display the condition evaluation report re-run your application with 'debug' enabled.
2025-10-22T04:31:09.766+09:00 ERROR 11380 --- [ch03] [restartedMain] o.s.boot.SpringApplication               : Application run failed

org.springframework.beans.factory.BeanCreationException: Error creating bean with name 'ch03Application' defined in file [C:\a_jihyeon\s09_springboot\ch03\bin\main\com\example\demo\Ch03Application.class]: Failed to instantiate [com.example.demo.Ch03Application$$SpringCGLIB$$0]: Constructor threw exception
	at org.springframework.beans.factory.support.AbstractAutowireCapableBeanFactory.instantiateBean(AbstractAutowireCapableBeanFactory.java:1357) ~[spring-beans-6.2.11.jar:6.2.11]
	at org.springframework.beans.factory.support.AbstractAutowireCapableBeanFactory.createBeanInstance(AbstractAutowireCapableBeanFactory.java:1242) ~[spring-beans-6.2.11.jar:6.2.11]
	at org.springframework.beans.factory.support.AbstractAutowireCapableBeanFactory.doCreateBean(AbstractAutowireCapableBeanFactory.java:569) ~[spring-beans-6.2.11.jar:6.2.11]
	at org.springframework.beans.factory.support.AbstractAutowireCapableBeanFactory.createBean(AbstractAutowireCapableBeanFactory.java:529) ~[spring-beans-6.2.11.jar:6.2.11]
	at org.springframework.beans.factory.support.AbstractBeanFactory.lambda$doGetBean$0(AbstractBeanFactory.java:339) ~[spring-beans-6.2.11.jar:6.2.11]
	at org.springframework.beans.factory.support.DefaultSingletonBeanRegistry.getSingleton(DefaultSingletonBeanRegistry.java:373) ~[spring-beans-6.2.11.jar:6.2.11]
	at org.springframework.beans.factory.support.AbstractBeanFactory.doGetBean(AbstractBeanFactory.java:337) ~[spring-beans-6.2.11.jar:6.2.11]
	at org.springframework.beans.factory.support.AbstractBeanFactory.getBean(AbstractBeanFactory.java:202) ~[spring-beans-6.2.11.jar:6.2.11]
	at org.springframework.beans.factory.support.DefaultListableBeanFactory.instantiateSingleton(DefaultListableBeanFactory.java:1221) ~[spring-beans-6.2.11.jar:6.2.11]
	at org.springframework.beans.factory.support.DefaultListableBeanFactory.preInstantiateSingleton(DefaultListableBeanFactory.java:1187) ~[spring-beans-6.2.11.jar:6.2.11]
	at org.springframework.beans.factory.support.DefaultListableBeanFactory.preInstantiateSingletons(DefaultListableBeanFactory.java:1123) ~[spring-beans-6.2.11.jar:6.2.11]
	at org.springframework.context.support.AbstractApplicationContext.finishBeanFactoryInitialization(AbstractApplicationContext.java:987) ~[spring-context-6.2.11.jar:6.2.11]
	at org.springframework.context.support.AbstractApplicationContext.refresh(AbstractApplicationContext.java:627) ~[spring-context-6.2.11.jar:6.2.11]
	at org.springframework.boot.web.servlet.context.ServletWebServerApplicationContext.refresh(ServletWebServerApplicationContext.java:146) ~[spring-boot-3.5.6.jar:3.5.6]
	at org.springframework.boot.SpringApplication.refresh(SpringApplication.java:752) ~[spring-boot-3.5.6.jar:3.5.6]
	at org.springframework.boot.SpringApplication.refreshContext(SpringApplication.java:439) ~[spring-boot-3.5.6.jar:3.5.6]
	at org.springframework.boot.SpringApplication.run(SpringApplication.java:318) ~[spring-boot-3.5.6.jar:3.5.6]
	at org.springframework.boot.SpringApplication.run(SpringApplication.java:1361) ~[spring-boot-3.5.6.jar:3.5.6]
	at org.springframework.boot.SpringApplication.run(SpringApplication.java:1350) ~[spring-boot-3.5.6.jar:3.5.6]
	at com.example.demo.CalculatorApplication.main(CalculatorApplication.java:10) ~[main/:na]
	at java.base/jdk.internal.reflect.DirectMethodHandleAccessor.invoke(DirectMethodHandleAccessor.java:103) ~[na:na]
	at java.base/java.lang.reflect.Method.invoke(Method.java:580) ~[na:na]
	at org.springframework.boot.devtools.restart.RestartLauncher.run(RestartLauncher.java:50) ~[spring-boot-devtools-3.5.6.jar:3.5.6]
Caused by: org.springframework.beans.BeanInstantiationException: Failed to instantiate [com.example.demo.Ch03Application$$SpringCGLIB$$0]: Constructor threw exception
	at org.springframework.beans.BeanUtils.instantiateClass(BeanUtils.java:223) ~[spring-beans-6.2.11.jar:6.2.11]
	at org.springframework.beans.factory.support.SimpleInstantiationStrategy.instantiate(SimpleInstantiationStrategy.java:123) ~[spring-beans-6.2.11.jar:6.2.11]
	at org.springframework.beans.factory.support.AbstractAutowireCapableBeanFactory.instantiateBean(AbstractAutowireCapableBeanFactory.java:1351) ~[spring-beans-6.2.11.jar:6.2.11]
	... 22 common frames omitted
Caused by: java.lang.Error: Unresolved compilation problem: 
	MapperScan cannot be resolved to a type

	at com.example.demo.Ch03Application.<init>(Ch03Application.java:9) ~[main/:na]
	at com.example.demo.Ch03Application$$SpringCGLIB$$0.<init>(<generated>) ~[main/:na]
	at java.base/jdk.internal.reflect.DirectConstructorHandleAccessor.newInstance(DirectConstructorHandleAccessor.java:62) ~[na:na]
	at java.base/java.lang.reflect.Constructor.newInstanceWithCaller(Constructor.java:502) ~[na:na]
	at java.base/java.lang.reflect.Constructor.newInstance(Constructor.java:486) ~[na:na]
	at org.springframework.beans.BeanUtils.instantiateClass(BeanUtils.java:197) ~[spring-beans-6.2.11.jar:6.2.11]
	... 24 common frames omitted

2025-10-22T04:31:29.316+09:00  INFO 25672 --- [ch03] [restartedMain] com.example.demo.CalculatorApplication   : Starting CalculatorApplication using Java 21.0.8 with PID 25672 (C:\a_jihyeon\s09_springboot\ch03\bin\main started by CJH in C:\a_jihyeon\s09_springboot\ch03)
2025-10-22T04:31:29.319+09:00  INFO 25672 --- [ch03] [restartedMain] com.example.demo.CalculatorApplication   : No active profile set, falling back to 1 default profile: "default"
2025-10-22T04:31:29.390+09:00  INFO 25672 --- [ch03] [restartedMain] .e.DevToolsPropertyDefaultsPostProcessor : Devtools property defaults active! Set 'spring.devtools.add-properties' to 'false' to disable
2025-10-22T04:31:29.391+09:00  INFO 25672 --- [ch03] [restartedMain] .e.DevToolsPropertyDefaultsPostProcessor : For additional web related logging consider setting the 'logging.level.web' property to 'DEBUG'
2025-10-22T04:31:31.114+09:00  INFO 25672 --- [ch03] [restartedMain] o.s.b.w.embedded.tomcat.TomcatWebServer  : Tomcat initialized with port 8090 (http)
2025-10-22T04:31:31.136+09:00  INFO 25672 --- [ch03] [restartedMain] o.apache.catalina.core.StandardService   : Starting service [Tomcat]
2025-10-22T04:31:31.137+09:00  INFO 25672 --- [ch03] [restartedMain] o.apache.catalina.core.StandardEngine    : Starting Servlet engine: [Apache Tomcat/10.1.46]
2025-10-22T04:31:31.243+09:00  INFO 25672 --- [ch03] [restartedMain] o.a.c.c.C.[Tomcat].[localhost].[/]       : Initializing Spring embedded WebApplicationContext
2025-10-22T04:31:31.244+09:00  INFO 25672 --- [ch03] [restartedMain] w.s.c.ServletWebServerApplicationContext : Root WebApplicationContext: initialization completed in 1851 ms
2025-10-22T04:31:31.830+09:00  INFO 25672 --- [ch03] [restartedMain] o.s.b.a.w.s.WelcomePageHandlerMapping    : Adding welcome page: class path resource [static/index.html]
2025-10-22T04:31:32.349+09:00  INFO 25672 --- [ch03] [restartedMain] o.s.b.d.a.OptionalLiveReloadServer       : LiveReload server is running on port 35729
2025-10-22T04:31:32.415+09:00  INFO 25672 --- [ch03] [restartedMain] o.s.b.w.embedded.tomcat.TomcatWebServer  : Tomcat started on port 8090 (http) with context path '/'
2025-10-22T04:31:32.428+09:00  INFO 25672 --- [ch03] [restartedMain] com.example.demo.CalculatorApplication   : Started CalculatorApplication in 3.807 seconds (process running for 4.914)
2025-10-22T04:31:33.930+09:00  INFO 25672 --- [ch03] [http-nio-8090-exec-1] o.a.c.c.C.[Tomcat].[localhost].[/]       : Initializing Spring DispatcherServlet 'dispatcherServlet'
2025-10-22T04:31:33.931+09:00  INFO 25672 --- [ch03] [http-nio-8090-exec-1] o.s.web.servlet.DispatcherServlet        : Initializing Servlet 'dispatcherServlet'
2025-10-22T04:31:33.933+09:00  INFO 25672 --- [ch03] [http-nio-8090-exec-1] o.s.web.servlet.DispatcherServlet        : Completed initialization in 2 ms
2025-10-22T04:31:40.700+09:00  INFO 25672 --- [ch03] [http-nio-8090-exec-2] com.zaxxer.hikari.HikariDataSource       : HikariPool-1 - Starting...
2025-10-22T04:31:40.915+09:00  INFO 25672 --- [ch03] [http-nio-8090-exec-2] com.zaxxer.hikari.pool.HikariPool        : HikariPool-1 - Added connection org.mariadb.jdbc.Connection@405aa6fa
2025-10-22T04:31:40.919+09:00  INFO 25672 --- [ch03] [http-nio-8090-exec-2] com.zaxxer.hikari.HikariDataSource       : HikariPool-1 - Start completed.
2025-10-22T04:31:40.971+09:00 DEBUG 25672 --- [ch03] [http-nio-8090-exec-2] c.c.m.mapper.StudentMapper.findAll       : ==>  Preparing: SELECT * FROM student ORDER BY id DESC
2025-10-22T04:31:41.012+09:00 DEBUG 25672 --- [ch03] [http-nio-8090-exec-2] c.c.m.mapper.StudentMapper.findAll       : ==> Parameters: 
2025-10-22T04:31:41.064+09:00 DEBUG 25672 --- [ch03] [http-nio-8090-exec-2] c.c.m.mapper.StudentMapper.findAll       : <==      Total: 7
2025-10-22T04:32:05.546+09:00 DEBUG 25672 --- [ch03] [http-nio-8090-exec-2] c.c.m.mapper.StudentMapper.findAll       : ==>  Preparing: SELECT * FROM student ORDER BY id DESC
2025-10-22T04:32:05.546+09:00 DEBUG 25672 --- [ch03] [http-nio-8090-exec-2] c.c.m.mapper.StudentMapper.findAll       : ==> Parameters: 
2025-10-22T04:32:05.549+09:00 DEBUG 25672 --- [ch03] [http-nio-8090-exec-2] c.c.m.mapper.StudentMapper.findAll       : <==      Total: 7
2025-10-22T04:32:09.207+09:00 DEBUG 25672 --- [ch03] [http-nio-8090-exec-1] c.c.m.mapper.StudentMapper.findById      : ==>  Preparing: SELECT * FROM student WHERE id = ?
2025-10-22T04:32:09.211+09:00 DEBUG 25672 --- [ch03] [http-nio-8090-exec-1] c.c.m.mapper.StudentMapper.findById      : ==> Parameters: 1(Long)
2025-10-22T04:32:09.219+09:00 DEBUG 25672 --- [ch03] [http-nio-8090-exec-1] c.c.m.mapper.StudentMapper.findById      : <==      Total: 0
2025-10-22T04:32:11.870+09:00 DEBUG 25672 --- [ch03] [http-nio-8090-exec-9] c.c.m.mapper.StudentMapper.findById      : ==>  Preparing: SELECT * FROM student WHERE id = ?
2025-10-22T04:32:11.871+09:00 DEBUG 25672 --- [ch03] [http-nio-8090-exec-9] c.c.m.mapper.StudentMapper.findById      : ==> Parameters: 1(Long)
2025-10-22T04:32:11.872+09:00 DEBUG 25672 --- [ch03] [http-nio-8090-exec-9] c.c.m.mapper.StudentMapper.findById      : <==      Total: 0
2025-10-22T04:33:06.753+09:00 DEBUG 25672 --- [ch03] [http-nio-8090-exec-10] c.c.m.mapper.StudentMapper.findById      : ==>  Preparing: SELECT * FROM student WHERE id = ?
2025-10-22T04:33:06.754+09:00 DEBUG 25672 --- [ch03] [http-nio-8090-exec-10] c.c.m.mapper.StudentMapper.findById      : ==> Parameters: 1(Long)
2025-10-22T04:33:06.755+09:00 DEBUG 25672 --- [ch03] [http-nio-8090-exec-10] c.c.m.mapper.StudentMapper.findById      : <==      Total: 0
2025-10-22T04:34:00.483+09:00 DEBUG 25672 --- [ch03] [http-nio-8090-exec-5] c.c.m.mapper.StudentMapper.findAll       : ==>  Preparing: SELECT * FROM student ORDER BY id DESC
2025-10-22T04:34:00.484+09:00 DEBUG 25672 --- [ch03] [http-nio-8090-exec-5] c.c.m.mapper.StudentMapper.findAll       : ==> Parameters: 
2025-10-22T04:34:00.487+09:00 DEBUG 25672 --- [ch03] [http-nio-8090-exec-5] c.c.m.mapper.StudentMapper.findAll       : <==      Total: 7
2025-10-22T04:36:00.117+09:00  INFO 25672 --- [ch03] [File Watcher] rtingClassPathChangeChangedEventListener : Restarting due to 24 class path changes (12 additions, 12 deletions, 0 modifications)
2025-10-22T04:36:00.124+09:00  INFO 25672 --- [ch03] [Thread-6] o.s.b.w.e.tomcat.GracefulShutdown        : Commencing graceful shutdown. Waiting for active requests to complete
2025-10-22T04:36:00.142+09:00  INFO 25672 --- [ch03] [tomcat-shutdown] o.s.b.w.e.tomcat.GracefulShutdown        : Graceful shutdown complete
2025-10-22T04:36:00.152+09:00  INFO 25672 --- [ch03] [Thread-6] com.zaxxer.hikari.HikariDataSource       : HikariPool-1 - Shutdown initiated...
2025-10-22T04:36:00.161+09:00  INFO 25672 --- [ch03] [Thread-6] com.zaxxer.hikari.HikariDataSource       : HikariPool-1 - Shutdown completed.
2025-10-22T04:36:00.293+09:00  INFO 25672 --- [ch03] [restartedMain] com.example.demo.CalculatorApplication   : Starting CalculatorApplication using Java 21.0.8 with PID 25672 (C:\a_jihyeon\s09_springboot\ch03\bin\main started by CJH in C:\a_jihyeon\s09_springboot\ch03)
2025-10-22T04:36:00.294+09:00  INFO 25672 --- [ch03] [restartedMain] com.example.demo.CalculatorApplication   : No active profile set, falling back to 1 default profile: "default"
2025-10-22T04:36:00.689+09:00  WARN 25672 --- [ch03] [restartedMain] o.m.s.mapper.ClassPathMapperScanner      : No MyBatis mapper was found in '[com.example.demo]' package. Please check your configuration.
2025-10-22T04:36:00.779+09:00  INFO 25672 --- [ch03] [restartedMain] o.s.b.w.embedded.tomcat.TomcatWebServer  : Tomcat initialized with port 8090 (http)
2025-10-22T04:36:00.782+09:00  INFO 25672 --- [ch03] [restartedMain] o.apache.catalina.core.StandardService   : Starting service [Tomcat]
2025-10-22T04:36:00.782+09:00  INFO 25672 --- [ch03] [restartedMain] o.apache.catalina.core.StandardEngine    : Starting Servlet engine: [Apache Tomcat/10.1.46]
2025-10-22T04:36:00.829+09:00  INFO 25672 --- [ch03] [restartedMain] o.a.c.c.C.[Tomcat].[localhost].[/]       : Initializing Spring embedded WebApplicationContext
2025-10-22T04:36:00.830+09:00  INFO 25672 --- [ch03] [restartedMain] w.s.c.ServletWebServerApplicationContext : Root WebApplicationContext: initialization completed in 532 ms
2025-10-22T04:36:00.873+09:00  INFO 25672 --- [ch03] [restartedMain] o.s.b.a.w.s.WelcomePageHandlerMapping    : Adding welcome page: class path resource [static/index.html]
2025-10-22T04:36:01.067+09:00  INFO 25672 --- [ch03] [restartedMain] o.s.b.d.a.OptionalLiveReloadServer       : LiveReload server is running on port 35729
2025-10-22T04:36:01.092+09:00  INFO 25672 --- [ch03] [restartedMain] o.s.b.w.embedded.tomcat.TomcatWebServer  : Tomcat started on port 8090 (http) with context path '/'
2025-10-22T04:36:01.097+09:00  INFO 25672 --- [ch03] [restartedMain] com.example.demo.CalculatorApplication   : Started CalculatorApplication in 0.87 seconds (process running for 273.584)
2025-10-22T04:36:01.104+09:00  INFO 25672 --- [ch03] [restartedMain] .ConditionEvaluationDeltaLoggingListener : Condition evaluation delta:


==========================
CONDITION EVALUATION DELTA
==========================


Positive matches:
-----------------

   MybatisAutoConfiguration.MapperScannerRegistrarNotFoundConfiguration matched:
      - @ConditionalOnMissingBean (types: org.mybatis.spring.mapper.MapperFactoryBean,org.mybatis.spring.mapper.MapperScannerConfigurer; SearchStrategy: all) did not find any beans (OnBeanCondition)


Negative matches:
-----------------

    None


Exclusions:
-----------

    None


Unconditional classes:
----------------------

    None



2025-10-22T04:37:22.836+09:00  INFO 25672 --- [ch03] [File Watcher] rtingClassPathChangeChangedEventListener : Restarting due to 1 class path change (0 additions, 0 deletions, 1 modification)
2025-10-22T04:37:22.838+09:00  INFO 25672 --- [ch03] [Thread-8] o.s.b.w.e.tomcat.GracefulShutdown        : Commencing graceful shutdown. Waiting for active requests to complete
2025-10-22T04:37:22.854+09:00  INFO 25672 --- [ch03] [tomcat-shutdown] o.s.b.w.e.tomcat.GracefulShutdown        : Graceful shutdown complete
2025-10-22T04:37:22.961+09:00  INFO 25672 --- [ch03] [restartedMain] com.example.demo.CalculatorApplication   : Starting CalculatorApplication using Java 21.0.8 with PID 25672 (C:\a_jihyeon\s09_springboot\ch03\bin\main started by CJH in C:\a_jihyeon\s09_springboot\ch03)
2025-10-22T04:37:22.962+09:00  INFO 25672 --- [ch03] [restartedMain] com.example.demo.CalculatorApplication   : No active profile set, falling back to 1 default profile: "default"
2025-10-22T04:37:23.268+09:00  WARN 25672 --- [ch03] [restartedMain] o.m.s.mapper.ClassPathMapperScanner      : No MyBatis mapper was found in '[com.example.demo]' package. Please check your configuration.
2025-10-22T04:37:23.328+09:00  INFO 25672 --- [ch03] [restartedMain] o.s.b.w.embedded.tomcat.TomcatWebServer  : Tomcat initialized with port 8090 (http)
2025-10-22T04:37:23.329+09:00  INFO 25672 --- [ch03] [restartedMain] o.apache.catalina.core.StandardService   : Starting service [Tomcat]
2025-10-22T04:37:23.329+09:00  INFO 25672 --- [ch03] [restartedMain] o.apache.catalina.core.StandardEngine    : Starting Servlet engine: [Apache Tomcat/10.1.46]
2025-10-22T04:37:23.375+09:00  INFO 25672 --- [ch03] [restartedMain] o.a.c.c.C.[Tomcat].[localhost].[/]       : Initializing Spring embedded WebApplicationContext
2025-10-22T04:37:23.375+09:00  INFO 25672 --- [ch03] [restartedMain] w.s.c.ServletWebServerApplicationContext : Root WebApplicationContext: initialization completed in 410 ms
2025-10-22T04:37:23.405+09:00  INFO 25672 --- [ch03] [restartedMain] o.s.b.a.w.s.WelcomePageHandlerMapping    : Adding welcome page: class path resource [static/index.html]
2025-10-22T04:37:23.533+09:00  INFO 25672 --- [ch03] [restartedMain] o.s.b.d.a.OptionalLiveReloadServer       : LiveReload server is running on port 35729
2025-10-22T04:37:23.551+09:00  INFO 25672 --- [ch03] [restartedMain] o.s.b.w.embedded.tomcat.TomcatWebServer  : Tomcat started on port 8090 (http) with context path '/'
2025-10-22T04:37:23.557+09:00  INFO 25672 --- [ch03] [restartedMain] com.example.demo.CalculatorApplication   : Started CalculatorApplication in 0.647 seconds (process running for 356.042)
2025-10-22T04:37:23.558+09:00  INFO 25672 --- [ch03] [restartedMain] .ConditionEvaluationDeltaLoggingListener : Condition evaluation unchanged
2025-10-22T04:37:26.988+09:00  INFO 25672 --- [ch03] [http-nio-8090-exec-1] o.a.c.c.C.[Tomcat].[localhost].[/]       : Initializing Spring DispatcherServlet 'dispatcherServlet'
2025-10-22T04:37:26.989+09:00  INFO 25672 --- [ch03] [http-nio-8090-exec-1] o.s.web.servlet.DispatcherServlet        : Initializing Servlet 'dispatcherServlet'
2025-10-22T04:37:26.990+09:00  INFO 25672 --- [ch03] [http-nio-8090-exec-1] o.s.web.servlet.DispatcherServlet        : Completed initialization in 1 ms
2025-10-22T04:37:42.882+09:00  INFO 25672 --- [ch03] [File Watcher] rtingClassPathChangeChangedEventListener : Restarting due to 1 class path change (0 additions, 0 deletions, 1 modification)
2025-10-22T04:37:42.883+09:00  INFO 25672 --- [ch03] [Thread-12] o.s.b.w.e.tomcat.GracefulShutdown        : Commencing graceful shutdown. Waiting for active requests to complete
2025-10-22T04:37:42.903+09:00  INFO 25672 --- [ch03] [tomcat-shutdown] o.s.b.w.e.tomcat.GracefulShutdown        : Graceful shutdown complete
2025-10-22T04:37:43.008+09:00  INFO 25672 --- [ch03] [restartedMain] com.example.demo.CalculatorApplication   : Starting CalculatorApplication using Java 21.0.8 with PID 25672 (C:\a_jihyeon\s09_springboot\ch03\bin\main started by CJH in C:\a_jihyeon\s09_springboot\ch03)
2025-10-22T04:37:43.008+09:00  INFO 25672 --- [ch03] [restartedMain] com.example.demo.CalculatorApplication   : No active profile set, falling back to 1 default profile: "default"
2025-10-22T04:37:43.343+09:00  WARN 25672 --- [ch03] [restartedMain] o.m.s.mapper.ClassPathMapperScanner      : No MyBatis mapper was found in '[com.example.demo]' package. Please check your configuration.
2025-10-22T04:37:43.401+09:00  INFO 25672 --- [ch03] [restartedMain] o.s.b.w.embedded.tomcat.TomcatWebServer  : Tomcat initialized with port 8090 (http)
2025-10-22T04:37:43.403+09:00  INFO 25672 --- [ch03] [restartedMain] o.apache.catalina.core.StandardService   : Starting service [Tomcat]
2025-10-22T04:37:43.403+09:00  INFO 25672 --- [ch03] [restartedMain] o.apache.catalina.core.StandardEngine    : Starting Servlet engine: [Apache Tomcat/10.1.46]
2025-10-22T04:37:43.451+09:00  INFO 25672 --- [ch03] [restartedMain] o.a.c.c.C.[Tomcat].[localhost].[/]       : Initializing Spring embedded WebApplicationContext
2025-10-22T04:37:43.452+09:00  INFO 25672 --- [ch03] [restartedMain] w.s.c.ServletWebServerApplicationContext : Root WebApplicationContext: initialization completed in 441 ms
2025-10-22T04:37:43.481+09:00  INFO 25672 --- [ch03] [restartedMain] o.s.b.a.w.s.WelcomePageHandlerMapping    : Adding welcome page: class path resource [static/index.html]
2025-10-22T04:37:43.601+09:00  INFO 25672 --- [ch03] [restartedMain] o.s.b.d.a.OptionalLiveReloadServer       : LiveReload server is running on port 35729
2025-10-22T04:37:43.620+09:00  INFO 25672 --- [ch03] [restartedMain] o.s.b.w.embedded.tomcat.TomcatWebServer  : Tomcat started on port 8090 (http) with context path '/'
2025-10-22T04:37:43.628+09:00  INFO 25672 --- [ch03] [restartedMain] com.example.demo.CalculatorApplication   : Started CalculatorApplication in 0.668 seconds (process running for 376.114)
2025-10-22T04:37:43.630+09:00  INFO 25672 --- [ch03] [restartedMain] .ConditionEvaluationDeltaLoggingListener : Condition evaluation unchanged
2025-10-22T04:37:46.414+09:00  INFO 25672 --- [ch03] [http-nio-8090-exec-1] o.a.c.c.C.[Tomcat].[localhost].[/]       : Initializing Spring DispatcherServlet 'dispatcherServlet'
2025-10-22T04:37:46.415+09:00  INFO 25672 --- [ch03] [http-nio-8090-exec-1] o.s.web.servlet.DispatcherServlet        : Initializing Servlet 'dispatcherServlet'
2025-10-22T04:37:46.415+09:00  INFO 25672 --- [ch03] [http-nio-8090-exec-1] o.s.web.servlet.DispatcherServlet        : Completed initialization in 0 ms
2025-10-22T04:37:50.744+09:00  INFO 25672 --- [ch03] [RMI TCP Connection(20)-127.0.0.1] inMXBeanRegistrar$SpringApplicationAdmin : Application shutdown requested.
2025-10-22T04:37:50.745+09:00  INFO 25672 --- [ch03] [RMI TCP Connection(20)-127.0.0.1] o.s.b.w.e.tomcat.GracefulShutdown        : Commencing graceful shutdown. Waiting for active requests to complete
2025-10-22T04:37:50.761+09:00  INFO 25672 --- [ch03] [tomcat-shutdown] o.s.b.w.e.tomcat.GracefulShutdown        : Graceful shutdown complete
2025-10-22T04:37:53.949+09:00  INFO 22672 --- [ch03] [restartedMain] com.cjh.CalculatorApplication            : Starting CalculatorApplication using Java 21.0.8 with PID 22672 (C:\a_jihyeon\s09_springboot\ch03\bin\main started by CJH in C:\a_jihyeon\s09_springboot\ch03)
2025-10-22T04:37:53.952+09:00  INFO 22672 --- [ch03] [restartedMain] com.cjh.CalculatorApplication            : No active profile set, falling back to 1 default profile: "default"
2025-10-22T04:37:54.042+09:00  INFO 22672 --- [ch03] [restartedMain] .e.DevToolsPropertyDefaultsPostProcessor : Devtools property defaults active! Set 'spring.devtools.add-properties' to 'false' to disable
2025-10-22T04:37:54.042+09:00  INFO 22672 --- [ch03] [restartedMain] .e.DevToolsPropertyDefaultsPostProcessor : For additional web related logging consider setting the 'logging.level.web' property to 'DEBUG'
2025-10-22T04:37:56.236+09:00  INFO 22672 --- [ch03] [restartedMain] o.s.b.w.embedded.tomcat.TomcatWebServer  : Tomcat initialized with port 8090 (http)
2025-10-22T04:37:56.261+09:00  INFO 22672 --- [ch03] [restartedMain] o.apache.catalina.core.StandardService   : Starting service [Tomcat]
2025-10-22T04:37:56.268+09:00  INFO 22672 --- [ch03] [restartedMain] o.apache.catalina.core.StandardEngine    : Starting Servlet engine: [Apache Tomcat/10.1.46]
2025-10-22T04:37:56.367+09:00  INFO 22672 --- [ch03] [restartedMain] o.a.c.c.C.[Tomcat].[localhost].[/]       : Initializing Spring embedded WebApplicationContext
2025-10-22T04:37:56.368+09:00  INFO 22672 --- [ch03] [restartedMain] w.s.c.ServletWebServerApplicationContext : Root WebApplicationContext: initialization completed in 2325 ms
2025-10-22T04:37:56.953+09:00  INFO 22672 --- [ch03] [restartedMain] o.s.b.a.w.s.WelcomePageHandlerMapping    : Adding welcome page: class path resource [static/index.html]
2025-10-22T04:37:57.505+09:00  INFO 22672 --- [ch03] [restartedMain] o.s.b.d.a.OptionalLiveReloadServer       : LiveReload server is running on port 35729
2025-10-22T04:37:57.570+09:00  INFO 22672 --- [ch03] [restartedMain] o.s.b.w.embedded.tomcat.TomcatWebServer  : Tomcat started on port 8090 (http) with context path '/'
2025-10-22T04:37:57.583+09:00  INFO 22672 --- [ch03] [restartedMain] com.cjh.CalculatorApplication            : Started CalculatorApplication in 4.458 seconds (process running for 5.786)
2025-10-22T04:37:59.256+09:00  INFO 22672 --- [ch03] [http-nio-8090-exec-1] o.a.c.c.C.[Tomcat].[localhost].[/]       : Initializing Spring DispatcherServlet 'dispatcherServlet'
2025-10-22T04:37:59.257+09:00  INFO 22672 --- [ch03] [http-nio-8090-exec-1] o.s.web.servlet.DispatcherServlet        : Initializing Servlet 'dispatcherServlet'
2025-10-22T04:37:59.258+09:00  INFO 22672 --- [ch03] [http-nio-8090-exec-1] o.s.web.servlet.DispatcherServlet        : Completed initialization in 1 ms
2025-10-22T04:38:09.822+09:00  INFO 22672 --- [ch03] [http-nio-8090-exec-2] com.zaxxer.hikari.HikariDataSource       : HikariPool-1 - Starting...
2025-10-22T04:38:10.024+09:00  INFO 22672 --- [ch03] [http-nio-8090-exec-2] com.zaxxer.hikari.pool.HikariPool        : HikariPool-1 - Added connection org.mariadb.jdbc.Connection@315ee407
2025-10-22T04:38:10.028+09:00  INFO 22672 --- [ch03] [http-nio-8090-exec-2] com.zaxxer.hikari.HikariDataSource       : HikariPool-1 - Start completed.
2025-10-22T04:38:10.081+09:00 DEBUG 22672 --- [ch03] [http-nio-8090-exec-2] c.c.m.mapper.StudentMapper.findAll       : ==>  Preparing: SELECT * FROM student ORDER BY id DESC
2025-10-22T04:38:10.120+09:00 DEBUG 22672 --- [ch03] [http-nio-8090-exec-2] c.c.m.mapper.StudentMapper.findAll       : ==> Parameters: 
2025-10-22T04:38:10.161+09:00 DEBUG 22672 --- [ch03] [http-nio-8090-exec-2] c.c.m.mapper.StudentMapper.findAll       : <==      Total: 7
2025-10-22T04:38:13.116+09:00 DEBUG 22672 --- [ch03] [http-nio-8090-exec-1] c.c.m.mapper.StudentMapper.findById      : ==>  Preparing: SELECT * FROM student WHERE id = ?
2025-10-22T04:38:13.122+09:00 DEBUG 22672 --- [ch03] [http-nio-8090-exec-1] c.c.m.mapper.StudentMapper.findById      : ==> Parameters: 1(Long)
2025-10-22T04:38:13.123+09:00 DEBUG 22672 --- [ch03] [http-nio-8090-exec-1] c.c.m.mapper.StudentMapper.findById      : <==      Total: 0
2025-10-22T04:39:27.641+09:00  INFO 22672 --- [ch03] [RMI TCP Connection(11)-127.0.0.1] inMXBeanRegistrar$SpringApplicationAdmin : Application shutdown requested.
2025-10-22T04:39:27.645+09:00  INFO 22672 --- [ch03] [RMI TCP Connection(11)-127.0.0.1] o.s.b.w.e.tomcat.GracefulShutdown        : Commencing graceful shutdown. Waiting for active requests to complete
2025-10-22T04:39:27.668+09:00  INFO 22672 --- [ch03] [tomcat-shutdown] o.s.b.w.e.tomcat.GracefulShutdown        : Graceful shutdown complete
2025-10-22T04:39:27.678+09:00  INFO 22672 --- [ch03] [RMI TCP Connection(11)-127.0.0.1] com.zaxxer.hikari.HikariDataSource       : HikariPool-1 - Shutdown initiated...
2025-10-22T04:39:27.685+09:00  INFO 22672 --- [ch03] [RMI TCP Connection(11)-127.0.0.1] com.zaxxer.hikari.HikariDataSource       : HikariPool-1 - Shutdown completed.
